{"cameraMode":{"drawMode":0,"name":"Shaded","section":"Shading Mode"},"sceneLighting":true,"audioPlay":false,"sceneViewState":{"showFog":true,"showMaterialUpdate":false,"showSkybox":true,"showFlares":true,"showImageEffects":true,"showParticleSystems":true},"in2DMode":false,"pivot":{"x":-5.5480451583862309,"y":34.187904357910159,"z":62.20086669921875},"rotation":{"x":-0.00003826828833553009,"y":-0.9415619373321533,"z":0.00031464442145079374,"w":-0.33727777004241946},"size":5.472431182861328,"orthographic":false}