{"cameraMode":{"drawMode":0,"name":"Shaded","section":"Shading Mode"},"sceneLighting":true,"audioPlay":false,"sceneViewState":{"showFog":true,"showMaterialUpdate":false,"showSkybox":true,"showFlares":true,"showImageEffects":true,"showParticleSystems":true},"in2DMode":false,"pivot":{"x":5.380456447601318,"y":-259.6399230957031,"z":147.6463623046875},"rotation":{"x":-0.5027404427528381,"y":-0.013008776120841504,"z":0.007539052516222,"w":-0.8643484115600586},"size":332.1708984375,"orthographic":false}