{"cameraMode":{"drawMode":0,"name":"Shaded","section":"Shading Mode"},"sceneLighting":true,"audioPlay":false,"sceneViewState":{"showFog":true,"showMaterialUpdate":false,"showSkybox":true,"showFlares":true,"showImageEffects":true,"showParticleSystems":true},"in2DMode":false,"pivot":{"x":4.499989986419678,"y":-1.7777243852615357,"z":8.533363342285157},"rotation":{"x":0.20463623106479646,"y":-0.10518035292625427,"z":0.022127894684672357,"w":0.9729259014129639},"size":28.06599235534668,"orthographic":false}