{"cameraMode":{"drawMode":0,"name":"Shaded","section":"Shading Mode"},"sceneLighting":true,"audioPlay":false,"sceneViewState":{"showFog":true,"showMaterialUpdate":false,"showSkybox":true,"showFlares":true,"showImageEffects":true,"showParticleSystems":true},"in2DMode":false,"pivot":{"x":0.09588242322206497,"y":28.65945053100586,"z":15.137964248657227},"rotation":{"x":0.00032394842128269374,"y":0.9995641708374023,"z":-0.02699485421180725,"w":0.011995353735983372},"size":5.472431659698486,"orthographic":false}