{"cameraMode":{"drawMode":0,"name":"Shaded","section":"Shading Mode"},"sceneLighting":false,"audioPlay":false,"sceneViewState":{"showFog":true,"showMaterialUpdate":false,"showSkybox":false,"showFlares":true,"showImageEffects":true,"showParticleSystems":true},"in2DMode":false,"pivot":{"x":0.43638914823532107,"y":-0.5504988431930542,"z":1.2663439512252808},"rotation":{"x":0.22547239065170289,"y":0.1388896256685257,"z":-0.03251529112458229,"w":0.9638121724128723},"size":1.7729082107543946,"orthographic":false}