{"cameraMode":{"drawMode":0,"name":"Shaded","section":"Shading Mode"},"sceneLighting":true,"audioPlay":false,"sceneViewState":{"showFog":true,"showMaterialUpdate":false,"showSkybox":true,"showFlares":true,"showImageEffects":true,"showParticleSystems":true},"in2DMode":false,"pivot":{"x":-13.974140167236329,"y":-30.802997589111329,"z":86.97735595703125},"rotation":{"x":0.24181360006332398,"y":-0.06710144132375717,"z":0.016821419820189477,"w":0.9679670929908752},"size":132.10226440429688,"orthographic":false}