{"cameraMode":{"drawMode":0,"name":"Shaded","section":"Shading Mode"},"sceneLighting":true,"audioPlay":false,"sceneViewState":{"showFog":true,"showMaterialUpdate":false,"showSkybox":true,"showFlares":true,"showImageEffects":true,"showParticleSystems":true},"in2DMode":false,"pivot":{"x":2.8253133296966554,"y":-4.187046051025391,"z":-1.8822451829910279},"rotation":{"x":0.23207785189151765,"y":-0.18797318637371064,"z":0.04576241970062256,"w":0.953265905380249},"size":10.0,"orthographic":false}