{"cameraMode":{"drawMode":0,"name":"Shaded","section":"Shading Mode"},"sceneLighting":false,"audioPlay":false,"sceneViewState":{"showFog":true,"showMaterialUpdate":false,"showSkybox":false,"showFlares":true,"showImageEffects":true,"showParticleSystems":true},"in2DMode":false,"pivot":{"x":0.104310542345047,"y":-2.076523542404175,"z":0.1156931221485138},"rotation":{"x":-0.6753150224685669,"y":-0.1357506960630417,"z":0.12826195359230042,"w":-0.7136086821556091},"size":2.8931448459625246,"orthographic":false}