{"cameraMode":{"drawMode":0,"name":"Shaded","section":"Shading Mode"},"sceneLighting":true,"audioPlay":false,"sceneViewState":{"showFog":true,"showMaterialUpdate":false,"showSkybox":true,"showFlares":true,"showImageEffects":true,"showParticleSystems":true},"in2DMode":false,"pivot":{"x":10.642012596130371,"y":47.415367126464847,"z":-10.683349609375},"rotation":{"x":-0.02068803645670414,"y":-0.009240574203431607,"z":-0.00017934331845026463,"w":0.999783992767334},"size":5.309642791748047,"orthographic":false}