{"cameraMode":{"drawMode":0,"name":"Shaded","section":"Shading Mode"},"sceneLighting":true,"audioPlay":false,"sceneViewState":{"showFog":true,"showMaterialUpdate":false,"showSkybox":true,"showFlares":true,"showImageEffects":true,"showParticleSystems":true},"in2DMode":false,"pivot":{"x":102.79888916015625,"y":-5.250476360321045,"z":2.9611666202545168},"rotation":{"x":0.011824022978544236,"y":0.7115713953971863,"z":-0.011948531493544579,"w":0.7025570273399353},"size":105.71471405029297,"orthographic":false}