{"cameraMode":{"drawMode":0,"name":"Shaded","section":"Shading Mode"},"sceneLighting":true,"audioPlay":false,"sceneViewState":{"showFog":true,"showMaterialUpdate":false,"showSkybox":true,"showFlares":true,"showImageEffects":true,"showParticleSystems":true},"in2DMode":false,"pivot":{"x":-196.8846435546875,"y":29.67508316040039,"z":155.8569793701172},"rotation":{"x":0.00763429282233119,"y":-0.21014590561389924,"z":0.0016481304774060846,"w":0.9777576327323914},"size":283.5264587402344,"orthographic":false}