{"cameraMode":{"drawMode":0,"name":"Shaded","section":"Shading Mode"},"sceneLighting":false,"audioPlay":false,"sceneViewState":{"showFog":true,"showMaterialUpdate":false,"showSkybox":false,"showFlares":true,"showImageEffects":true,"showParticleSystems":true},"in2DMode":false,"pivot":{"x":-0.9083504676818848,"y":0.3883439600467682,"z":-1.6285862922668458},"rotation":{"x":0.021539511159062387,"y":-0.9633239507675171,"z":0.08140940219163895,"w":0.2548271119594574},"size":3.8851499557495119,"orthographic":false}