{"cameraMode":{"drawMode":0,"name":"Shaded","section":"Shading Mode"},"sceneLighting":true,"audioPlay":false,"sceneViewState":{"showFog":true,"showMaterialUpdate":false,"showSkybox":true,"showFlares":true,"showImageEffects":true,"showParticleSystems":true},"in2DMode":false,"pivot":{"x":-31.52503204345703,"y":5.499667644500732,"z":186.37393188476563},"rotation":{"x":0.0912807360291481,"y":-0.09419917315244675,"z":0.008656836114823819,"w":0.9914317727088928},"size":213.94842529296876,"orthographic":false}