{"cameraMode":{"drawMode":0,"name":"Shaded","section":"Shading Mode"},"sceneLighting":false,"audioPlay":false,"sceneViewState":{"showFog":true,"showMaterialUpdate":false,"showSkybox":false,"showFlares":true,"showImageEffects":true,"showParticleSystems":true},"in2DMode":false,"pivot":{"x":-0.15135245025157929,"y":-0.033652376383543017,"z":0.20547562837600709},"rotation":{"x":-0.04637175425887108,"y":0.13536100089550019,"z":-0.00628029927611351,"w":-0.9897381663322449},"size":0.6356455087661743,"orthographic":false}