{"cameraMode":{"drawMode":0,"name":"Shaded","section":"Shading Mode"},"sceneLighting":true,"audioPlay":false,"sceneViewState":{"showFog":true,"showMaterialUpdate":false,"showSkybox":true,"showFlares":true,"showImageEffects":true,"showParticleSystems":true},"in2DMode":false,"pivot":{"x":-2.4006121158599855,"y":13.688642501831055,"z":-0.3126997649669647},"rotation":{"x":-0.419379323720932,"y":0.5797909498214722,"z":-0.5149873495101929,"w":-0.4720650613307953},"size":9.371848106384278,"orthographic":false}