{"cameraMode":{"drawMode":0,"name":"Shaded","section":"Shading Mode"},"sceneLighting":false,"audioPlay":false,"sceneViewState":{"showFog":true,"showMaterialUpdate":false,"showSkybox":false,"showFlares":true,"showImageEffects":true,"showParticleSystems":true},"in2DMode":false,"pivot":{"x":0.12331193685531616,"y":0.05634048953652382,"z":0.16160106658935548},"rotation":{"x":-0.037237633019685748,"y":-0.1706249862909317,"z":0.006512376479804516,"w":-0.9846590757369995},"size":0.6356455087661743,"orthographic":false}