{"cameraMode":{"drawMode":0,"name":"Shaded","section":"Shading Mode"},"sceneLighting":true,"audioPlay":false,"sceneViewState":{"showFog":true,"showMaterialUpdate":false,"showSkybox":true,"showFlares":true,"showImageEffects":true,"showParticleSystems":true},"in2DMode":false,"pivot":{"x":1.2673206329345704,"y":4.502558708190918,"z":36.893096923828128},"rotation":{"x":-0.29764437675476076,"y":-0.06724173575639725,"z":0.021021749824285508,"w":-0.9520778059959412},"size":44.37919616699219,"orthographic":false}