{"cameraMode":{"drawMode":0,"name":"Shaded","section":"Shading Mode"},"sceneLighting":false,"audioPlay":false,"sceneViewState":{"showFog":true,"showMaterialUpdate":false,"showSkybox":false,"showFlares":true,"showImageEffects":true,"showParticleSystems":true},"in2DMode":false,"pivot":{"x":-0.1787135750055313,"y":3.1061909198760988,"z":-0.2432168573141098},"rotation":{"x":0.0008121839491650462,"y":0.9959316849708557,"z":-0.08987635374069214,"w":0.00897272489964962},"size":3.233452081680298,"orthographic":false}