{"cameraMode":{"drawMode":0,"name":"Shaded","section":"Shading Mode"},"sceneLighting":true,"audioPlay":false,"sceneViewState":{"showFog":true,"showMaterialUpdate":true,"showSkybox":true,"showFlares":true,"showImageEffects":true,"showParticleSystems":true},"in2DMode":false,"pivot":{"x":-0.13222576677799226,"y":-10.660215377807618,"z":19.24843406677246},"rotation":{"x":-0.21154022216796876,"y":0.04325268045067787,"z":-0.009107899852097035,"w":-0.9765763282775879},"size":75.68883514404297,"orthographic":false}