{"cameraMode":{"drawMode":0,"name":"Shaded","section":"Shading Mode"},"sceneLighting":false,"audioPlay":false,"sceneViewState":{"showFog":true,"showMaterialUpdate":false,"showSkybox":false,"showFlares":true,"showImageEffects":true,"showParticleSystems":true},"in2DMode":false,"pivot":{"x":0.002592438831925392,"y":0.0007414659485220909,"z":-0.00014068558812141418},"rotation":{"x":-0.05420743674039841,"y":-0.05393848940730095,"z":0.0028895798604935409,"w":-0.9970952272415161},"size":0.06219397485256195,"orthographic":false}