{"cameraMode":{"drawMode":0,"name":"Shaded","section":"Shading Mode"},"sceneLighting":true,"audioPlay":false,"sceneViewState":{"showFog":true,"showMaterialUpdate":true,"showSkybox":true,"showFlares":true,"showImageEffects":true,"showParticleSystems":true},"in2DMode":false,"pivot":{"x":1.729617953300476,"y":8.354217529296875,"z":-0.11044085025787354},"rotation":{"x":-0.6995476484298706,"y":-0.004424828104674816,"z":0.003132263431325555,"w":-0.7152418494224548},"size":29.956892013549806,"orthographic":false}