{"cameraMode":{"drawMode":0,"name":"Shaded","section":"Shading Mode"},"sceneLighting":true,"audioPlay":false,"sceneViewState":{"showFog":true,"showMaterialUpdate":true,"showSkybox":true,"showFlares":true,"showImageEffects":true,"showParticleSystems":true},"in2DMode":false,"pivot":{"x":-2.5596511363983156,"y":-85.61749267578125,"z":60.22136688232422},"rotation":{"x":0.48110318183898928,"y":-0.006029789801687002,"z":0.0007903384976089001,"w":0.8779007792472839},"size":120.28024291992188,"orthographic":false}