{"cameraMode":{"drawMode":0,"name":"Shaded","section":"Shading Mode"},"sceneLighting":true,"audioPlay":false,"sceneViewState":{"showFog":true,"showMaterialUpdate":true,"showSkybox":true,"showFlares":true,"showImageEffects":true,"showParticleSystems":true},"in2DMode":false,"pivot":{"x":-19.800512313842775,"y":-5.44395112991333,"z":15.113128662109375},"rotation":{"x":0.2548593282699585,"y":-0.2349921613931656,"z":0.070301853120327,"w":0.9360964298248291},"size":40.955955505371097,"orthographic":false}