{"cameraMode":{"drawMode":0,"name":"Shaded","section":"Shading Mode"},"sceneLighting":false,"audioPlay":false,"sceneViewState":{"showFog":true,"showMaterialUpdate":true,"showSkybox":true,"showFlares":true,"showImageEffects":true,"showParticleSystems":true},"in2DMode":false,"pivot":{"x":-15.339219093322754,"y":-12.67678165435791,"z":-0.1436159461736679},"rotation":{"x":0.2574805021286011,"y":-0.6077281832695007,"z":0.21772044897079469,"w":0.7195042967796326},"size":59.47167205810547,"orthographic":false}