{"cameraMode":{"drawMode":0,"name":"Shaded","section":"Shading Mode"},"sceneLighting":true,"audioPlay":false,"sceneViewState":{"showFog":true,"showMaterialUpdate":true,"showSkybox":true,"showFlares":true,"showImageEffects":true,"showParticleSystems":true},"in2DMode":false,"pivot":{"x":33.91364669799805,"y":-105.74740600585938,"z":5.579050064086914},"rotation":{"x":0.46711331605911257,"y":0.4971525967121124,"z":-0.36640989780426028,"w":0.6345065236091614},"size":141.41201782226563,"orthographic":false}