{"cameraMode":{"drawMode":0,"name":"Shaded","section":"Shading Mode"},"sceneLighting":true,"audioPlay":false,"sceneViewState":{"showFog":true,"showMaterialUpdate":true,"showSkybox":true,"showFlares":true,"showImageEffects":true,"showParticleSystems":true},"in2DMode":false,"pivot":{"x":41.526817321777347,"y":-90.82658386230469,"z":86.10021209716797},"rotation":{"x":-0.404942125082016,"y":-0.16670458018779756,"z":0.07091761380434036,"w":-0.8970927000045776},"size":225.60220336914063,"orthographic":false}