{"cameraMode":{"drawMode":0,"name":"Shaded","section":"Shading Mode"},"sceneLighting":true,"audioPlay":false,"sceneViewState":{"showFog":true,"showMaterialUpdate":true,"showSkybox":true,"showFlares":true,"showImageEffects":true,"showParticleSystems":true},"in2DMode":false,"pivot":{"x":-51.5583381652832,"y":-61.52971649169922,"z":10.015735626220704},"rotation":{"x":-0.2840404212474823,"y":0.5918652415275574,"z":-0.23236003518104554,"w":-0.7192378640174866},"size":136.0948028564453,"orthographic":false}