{"cameraMode":{"drawMode":0,"name":"Shaded","section":"Shading Mode"},"sceneLighting":false,"audioPlay":false,"sceneViewState":{"showFog":true,"showMaterialUpdate":true,"showSkybox":true,"showFlares":true,"showImageEffects":true,"showParticleSystems":true},"in2DMode":false,"pivot":{"x":-9.702983856201172,"y":-17.81064796447754,"z":13.716787338256836},"rotation":{"x":-0.3231862485408783,"y":0.43727272748947146,"z":-0.17654864490032197,"w":-0.8214767575263977},"size":59.13714599609375,"orthographic":false}