{"cameraMode":{"drawMode":0,"name":"Shaded","section":"Shading Mode"},"sceneLighting":true,"audioPlay":false,"sceneViewState":{"showFog":true,"showMaterialUpdate":true,"showSkybox":true,"showFlares":true,"showImageEffects":true,"showParticleSystems":true},"in2DMode":false,"pivot":{"x":-2.329796075820923,"y":1.833226203918457,"z":0.7736939191818237},"rotation":{"x":0.6638904213905335,"y":-0.025428885594010354,"z":0.027657443657517434,"w":0.7476032972335815},"size":46.4053840637207,"orthographic":false}