{"cameraMode":{"drawMode":0,"name":"Shaded","section":"Shading Mode"},"sceneLighting":false,"audioPlay":false,"sceneViewState":{"showFog":true,"showMaterialUpdate":true,"showSkybox":false,"showFlares":true,"showImageEffects":true,"showParticleSystems":true},"in2DMode":false,"pivot":{"x":-1.487947702407837,"y":2.1678824424743654,"z":-2.9570977687835695},"rotation":{"x":0.1482507437467575,"y":-0.48323559761047366,"z":0.08427026867866516,"w":0.8591252565383911},"size":4.021937847137451,"orthographic":false}