{"cameraMode":{"drawMode":0,"name":"Shaded","section":"Shading Mode"},"sceneLighting":true,"audioPlay":false,"sceneViewState":{"showFog":true,"showMaterialUpdate":true,"showSkybox":true,"showFlares":true,"showImageEffects":true,"showParticleSystems":true},"in2DMode":false,"pivot":{"x":14.428238868713379,"y":9.478022575378418,"z":13.288741111755371},"rotation":{"x":-0.12854993343353272,"y":0.8677977919578552,"z":-0.2731454074382782,"w":-0.39747193455696108},"size":4.094172477722168,"orthographic":false}