{"cameraMode":{"drawMode":0,"name":"Shaded","section":"Shading Mode"},"sceneLighting":true,"audioPlay":false,"sceneViewState":{"showFog":true,"showMaterialUpdate":true,"showSkybox":true,"showFlares":true,"showImageEffects":true,"showParticleSystems":true},"in2DMode":false,"pivot":{"x":7.740614891052246,"y":13.5896577835083,"z":7.093902111053467},"rotation":{"x":0.034162890166044238,"y":-0.8968080282211304,"z":0.4355587363243103,"w":0.07888370752334595},"size":7.8884358406066898,"orthographic":false}