{"cameraMode":{"drawMode":0,"name":"Shaded","section":"Shading Mode"},"sceneLighting":false,"audioPlay":false,"sceneViewState":{"showFog":true,"showMaterialUpdate":true,"showSkybox":false,"showFlares":true,"showImageEffects":true,"showParticleSystems":true},"in2DMode":false,"pivot":{"x":-0.35893771052360537,"y":0.17684178054332734,"z":-0.34991297125816347},"rotation":{"x":0.04447329789400101,"y":-0.916095495223999,"z":0.10507697612047196,"w":0.3854067027568817},"size":1.2152068614959717,"orthographic":false}