{"cameraMode":{"drawMode":0,"name":"Shaded","section":"Shading Mode"},"sceneLighting":false,"audioPlay":false,"sceneViewState":{"showFog":true,"showMaterialUpdate":true,"showSkybox":true,"showFlares":true,"showImageEffects":true,"showParticleSystems":true},"in2DMode":false,"pivot":{"x":-6.492311000823975,"y":-16.57640838623047,"z":19.860740661621095},"rotation":{"x":0.26882362365722659,"y":-0.2032613456249237,"z":0.06223348155617714,"w":0.9403141736984253},"size":66.35497283935547,"orthographic":false}