{"cameraMode":{"drawMode":0,"name":"Shaded","section":"Shading Mode"},"sceneLighting":true,"audioPlay":false,"sceneViewState":{"showFog":true,"showMaterialUpdate":true,"showSkybox":true,"showFlares":true,"showImageEffects":true,"showParticleSystems":true},"in2DMode":false,"pivot":{"x":2.562673330307007,"y":-83.6346435546875,"z":27.039072036743165},"rotation":{"x":0.582737386226654,"y":-0.0010094440076500178,"z":-0.0019902426283806564,"w":0.8140140771865845},"size":120.28024291992188,"orthographic":false}