{"cameraMode":{"drawMode":0,"name":"Shaded","section":"Shading Mode"},"sceneLighting":false,"audioPlay":false,"sceneViewState":{"showFog":true,"showMaterialUpdate":false,"showSkybox":false,"showFlares":true,"showImageEffects":true,"showParticleSystems":true},"in2DMode":false,"pivot":{"x":5.832989692687988,"y":26.74201774597168,"z":-56.16189956665039},"rotation":{"x":0.07110489159822464,"y":-0.5788520574569702,"z":0.05048999562859535,"w":0.8108943104743958},"size":7.286462306976318,"orthographic":false}