{"cameraMode":{"drawMode":0,"name":"Shaded","section":"Shading Mode"},"sceneLighting":true,"audioPlay":false,"sceneViewState":{"showFog":true,"showMaterialUpdate":true,"showSkybox":true,"showFlares":true,"showImageEffects":true,"showParticleSystems":true},"in2DMode":false,"pivot":{"x":-4.483583927154541,"y":0.8136978149414063,"z":7.945442199707031},"rotation":{"x":-0.3202112913131714,"y":0.027844347059726716,"z":-0.011206838302314282,"w":-0.9479671716690064},"size":33.63173294067383,"orthographic":false}