{"cameraMode":{"drawMode":0,"name":"Shaded","section":"Shading Mode"},"sceneLighting":true,"audioPlay":false,"sceneViewState":{"showFog":true,"showMaterialUpdate":true,"showSkybox":true,"showFlares":true,"showImageEffects":true,"showParticleSystems":true},"in2DMode":false,"pivot":{"x":47.21187210083008,"y":-196.93357849121095,"z":78.26908874511719},"rotation":{"x":0.5570124387741089,"y":0.20189566910266877,"z":-0.14243851602077485,"w":0.7932960987091065},"size":216.88616943359376,"orthographic":false}