{"cameraMode":{"drawMode":0,"name":"Shaded","section":"Shading Mode"},"sceneLighting":true,"audioPlay":false,"sceneViewState":{"showFog":true,"showMaterialUpdate":true,"showSkybox":true,"showFlares":true,"showImageEffects":true,"showParticleSystems":true},"in2DMode":false,"pivot":{"x":-2.632899761199951,"y":9.18675422668457,"z":24.694652557373048},"rotation":{"x":-0.0766342431306839,"y":0.05753520131111145,"z":-0.0041697099804878239,"w":-0.9955920577049255},"size":75.68883514404297,"orthographic":false}