{"cameraMode":{"drawMode":0,"name":"Shaded","section":"Shading Mode"},"sceneLighting":false,"audioPlay":false,"sceneViewState":{"showFog":true,"showMaterialUpdate":true,"showSkybox":false,"showFlares":true,"showImageEffects":true,"showParticleSystems":true},"in2DMode":false,"pivot":{"x":0.09498219937086106,"y":0.6043251752853394,"z":0.539237916469574},"rotation":{"x":-0.18395660817623139,"y":-0.019076131284236909,"z":0.0019569313153624536,"w":-0.9838916063308716},"size":2.1386444568634035,"orthographic":false}