{"cameraMode":{"drawMode":0,"name":"Shaded","section":"Shading Mode"},"sceneLighting":false,"audioPlay":false,"sceneViewState":{"showFog":true,"showMaterialUpdate":true,"showSkybox":false,"showFlares":true,"showImageEffects":true,"showParticleSystems":true},"in2DMode":false,"pivot":{"x":-7.015292167663574,"y":3.0595412254333498,"z":-5.5224432945251469},"rotation":{"x":0.31971853971481326,"y":-0.1003103107213974,"z":0.03478188067674637,"w":0.9419220089912415},"size":5.521938800811768,"orthographic":false}