{"cameraMode":{"drawMode":0,"name":"Shaded","section":"Shading Mode"},"sceneLighting":true,"audioPlay":false,"sceneViewState":{"showFog":true,"showMaterialUpdate":true,"showSkybox":true,"showFlares":true,"showImageEffects":true,"showParticleSystems":true},"in2DMode":false,"pivot":{"x":28.677501678466798,"y":23.933900833129884,"z":20.300878524780275},"rotation":{"x":0.003738510189577937,"y":0.8946092128753662,"z":-0.44748085737228396,"w":0.00790703296661377},"size":37.259002685546878,"orthographic":false}