{"cameraMode":{"drawMode":0,"name":"Shaded","section":"Shading Mode"},"sceneLighting":true,"audioPlay":false,"sceneViewState":{"showFog":true,"showMaterialUpdate":true,"showSkybox":true,"showFlares":true,"showImageEffects":true,"showParticleSystems":true},"in2DMode":false,"pivot":{"x":-1.2645530700683594,"y":13.556732177734375,"z":-3.495983123779297},"rotation":{"x":-0.3960695266723633,"y":-0.596857488155365,"z":0.412009596824646,"w":-0.5644979476928711},"size":38.97228240966797,"orthographic":false}