{"cameraMode":{"drawMode":0,"name":"Shaded","section":"Shading Mode"},"sceneLighting":true,"audioPlay":false,"sceneViewState":{"showFog":true,"showMaterialUpdate":true,"showSkybox":true,"showFlares":true,"showImageEffects":true,"showParticleSystems":true},"in2DMode":false,"pivot":{"x":45.561832427978519,"y":-32.42813491821289,"z":39.48783874511719},"rotation":{"x":-0.25059887766838076,"y":-0.3946364223957062,"z":0.10828464478254318,"w":-0.8780585527420044},"size":97.9844970703125,"orthographic":false}