{"cameraMode":{"drawMode":0,"name":"Shaded","section":"Shading Mode"},"sceneLighting":false,"audioPlay":false,"sceneViewState":{"showFog":true,"showMaterialUpdate":true,"showSkybox":false,"showFlares":true,"showImageEffects":true,"showParticleSystems":true},"in2DMode":false,"pivot":{"x":0.016885191202163698,"y":0.26326245069503786,"z":-0.0479683056473732},"rotation":{"x":-0.2783479392528534,"y":0.038815826177597049,"z":-0.014333885163068772,"w":-0.9600988030433655},"size":0.48499906063079836,"orthographic":false}