{"cameraMode":{"drawMode":0,"name":"Shaded","section":"Shading Mode"},"sceneLighting":true,"audioPlay":false,"sceneViewState":{"showFog":true,"showMaterialUpdate":true,"showSkybox":true,"showFlares":true,"showImageEffects":true,"showParticleSystems":true},"in2DMode":false,"pivot":{"x":-2.3089635372161867,"y":6.305197715759277,"z":-8.819336891174317},"rotation":{"x":0.3067221939563751,"y":-0.05921643599867821,"z":0.020498840138316156,"w":0.950262188911438},"size":1.8469719886779786,"orthographic":false}