{"cameraMode":{"drawMode":0,"name":"Shaded","section":"Shading Mode"},"sceneLighting":true,"audioPlay":false,"sceneViewState":{"showFog":true,"showMaterialUpdate":true,"showSkybox":true,"showFlares":true,"showImageEffects":true,"showParticleSystems":true},"in2DMode":false,"pivot":{"x":-19.116445541381837,"y":-99.2041244506836,"z":-142.7384796142578},"rotation":{"x":-0.03654392808675766,"y":-0.9215579628944397,"z":0.37907275557518008,"w":-0.08723057806491852},"size":276.83819580078127,"orthographic":false}