{"cameraMode":{"drawMode":0,"name":"Shaded","section":"Shading Mode"},"sceneLighting":true,"audioPlay":false,"sceneViewState":{"showFog":true,"showMaterialUpdate":true,"showSkybox":true,"showFlares":true,"showImageEffects":true,"showParticleSystems":true},"in2DMode":false,"pivot":{"x":-33.69672393798828,"y":30.787839889526368,"z":16.450307846069337},"rotation":{"x":0.019937865436077119,"y":0.1434413492679596,"z":-0.0005470357718877494,"w":0.9899213314056397},"size":2.857893943786621,"orthographic":false}