{"cameraMode":{"drawMode":0,"name":"Shaded","section":"Shading Mode"},"sceneLighting":true,"audioPlay":false,"sceneViewState":{"showFog":true,"showMaterialUpdate":true,"showSkybox":true,"showFlares":true,"showImageEffects":true,"showParticleSystems":true},"in2DMode":false,"pivot":{"x":80.08125305175781,"y":35.73971176147461,"z":-8.944592475891114},"rotation":{"x":-0.05788383632898331,"y":0.6456090807914734,"z":-0.04809921979904175,"w":-0.7603079676628113},"size":4.7307024002075199,"orthographic":false}