{"cameraMode":{"drawMode":0,"name":"Shaded","section":"Shading Mode"},"sceneLighting":false,"audioPlay":false,"sceneViewState":{"showFog":true,"showMaterialUpdate":true,"showSkybox":false,"showFlares":true,"showImageEffects":true,"showParticleSystems":true},"in2DMode":false,"pivot":{"x":-0.741273820400238,"y":-0.35537388920783999,"z":16.50044059753418},"rotation":{"x":0.0648036003112793,"y":-0.013297867961227894,"z":0.0022307652980089189,"w":0.9988548755645752},"size":17.90902328491211,"orthographic":false}