{"cameraMode":{"drawMode":0,"name":"Shaded","section":"Shading Mode"},"sceneLighting":true,"audioPlay":false,"sceneViewState":{"showFog":true,"showMaterialUpdate":false,"showSkybox":true,"showFlares":true,"showImageEffects":true,"showParticleSystems":true},"in2DMode":false,"pivot":{"x":9.96570873260498,"y":5.849195957183838,"z":0.21454864740371705},"rotation":{"x":0.17450913786888123,"y":-0.6702722907066345,"z":0.1661413609981537,"w":0.7021218538284302},"size":4.040709972381592,"orthographic":false}