{"cameraMode":{"drawMode":0,"name":"Shaded","section":"Shading Mode"},"sceneLighting":false,"audioPlay":false,"sceneViewState":{"showFog":true,"showMaterialUpdate":true,"showSkybox":false,"showFlares":true,"showImageEffects":true,"showParticleSystems":true},"in2DMode":false,"pivot":{"x":-0.009106431156396866,"y":0.10463438928127289,"z":0.06127741187810898},"rotation":{"x":0.0232775267213583,"y":0.8379232287406921,"z":0.031033111736178399,"w":-0.545306384563446},"size":0.48499906063079836,"orthographic":false}