{"cameraMode":{"drawMode":0,"name":"Shaded","section":"Shading Mode"},"sceneLighting":true,"audioPlay":false,"sceneViewState":{"showFog":true,"showMaterialUpdate":true,"showSkybox":true,"showFlares":true,"showImageEffects":true,"showParticleSystems":true},"in2DMode":false,"pivot":{"x":-10.469661712646485,"y":-119.80648040771485,"z":-101.04266357421875},"rotation":{"x":-0.030793145298957826,"y":0.8994194865226746,"z":-0.4346553683280945,"w":-0.058932963758707049},"size":169.28439331054688,"orthographic":false}