{"cameraMode":{"drawMode":0,"name":"Shaded","section":"Shading Mode"},"sceneLighting":true,"audioPlay":false,"sceneViewState":{"showFog":true,"showMaterialUpdate":true,"showSkybox":true,"showFlares":true,"showImageEffects":true,"showParticleSystems":true},"in2DMode":false,"pivot":{"x":12.221771240234375,"y":-110.22404479980469,"z":-102.9350357055664},"rotation":{"x":0.03125597536563873,"y":0.8923881649971008,"z":-0.4481223523616791,"w":0.06439564377069473},"size":169.28439331054688,"orthographic":false}