{"cameraMode":{"drawMode":0,"name":"Shaded","section":"Shading Mode"},"sceneLighting":true,"audioPlay":false,"sceneViewState":{"showFog":true,"showMaterialUpdate":false,"showSkybox":true,"showFlares":true,"showImageEffects":true,"showParticleSystems":true},"in2DMode":false,"pivot":{"x":-4.9249773025512699,"y":18.937761306762697,"z":198.89503479003907},"rotation":{"x":0.04915549233555794,"y":0.02661377564072609,"z":0.001305089332163334,"w":-0.9984798431396484},"size":177.89340209960938,"orthographic":false}