{"cameraMode":{"drawMode":0,"name":"Shaded","section":"Shading Mode"},"sceneLighting":false,"audioPlay":false,"sceneViewState":{"showFog":true,"showMaterialUpdate":true,"showSkybox":false,"showFlares":true,"showImageEffects":true,"showParticleSystems":true},"in2DMode":false,"pivot":{"x":1.568721890449524,"y":1.3590189218521119,"z":0.8349599838256836},"rotation":{"x":-0.19822530448436738,"y":0.7173864245414734,"z":-0.2481819987297058,"w":-0.621152400970459},"size":1.1481447219848633,"orthographic":false}