{"cameraMode":{"drawMode":0,"name":"Shaded","section":"Shading Mode"},"sceneLighting":true,"audioPlay":false,"sceneViewState":{"showFog":true,"showMaterialUpdate":true,"showSkybox":true,"showFlares":true,"showImageEffects":true,"showParticleSystems":true},"in2DMode":false,"pivot":{"x":2.0182621479034426,"y":12.738932609558106,"z":1.276742935180664},"rotation":{"x":0.3395065367221832,"y":-0.650096595287323,"z":0.4104151427745819,"w":0.5431193113327026},"size":7.949857711791992,"orthographic":false}