{"cameraMode":{"drawMode":0,"name":"Shaded","section":"Shading Mode"},"sceneLighting":false,"audioPlay":false,"sceneViewState":{"showFog":true,"showMaterialUpdate":true,"showSkybox":false,"showFlares":true,"showImageEffects":true,"showParticleSystems":true},"in2DMode":false,"pivot":{"x":-3.671588897705078,"y":-6.377888202667236,"z":10.297870635986329},"rotation":{"x":-0.22271989285945893,"y":0.18799129128456117,"z":-0.04864797368645668,"w":-0.9560045599937439},"size":17.475900650024415,"orthographic":false}