{"cameraMode":{"drawMode":0,"name":"Shaded","section":"Shading Mode"},"sceneLighting":false,"audioPlay":false,"sceneViewState":{"showFog":true,"showMaterialUpdate":true,"showSkybox":true,"showFlares":true,"showImageEffects":true,"showParticleSystems":true},"in2DMode":false,"pivot":{"x":55.94812774658203,"y":-31.358055114746095,"z":19.30545997619629},"rotation":{"x":0.17757092416286469,"y":0.5592764616012573,"z":-0.12326597422361374,"w":0.8007381558418274},"size":90.73188781738281,"orthographic":false}