{"cameraMode":{"drawMode":0,"name":"Shaded","section":"Shading Mode"},"sceneLighting":true,"audioPlay":false,"sceneViewState":{"showFog":true,"showMaterialUpdate":true,"showSkybox":true,"showFlares":true,"showImageEffects":true,"showParticleSystems":true},"in2DMode":false,"pivot":{"x":-1.3114371299743653,"y":2.1037044525146486,"z":10.843525886535645},"rotation":{"x":-0.06462645530700684,"y":0.03765023127198219,"z":-0.0055577619932591919,"w":-0.9977448582649231},"size":22.0,"orthographic":false}