{"cameraMode":{"drawMode":0,"name":"Shaded","section":"Shading Mode"},"sceneLighting":false,"audioPlay":false,"sceneViewState":{"showFog":true,"showMaterialUpdate":true,"showSkybox":false,"showFlares":true,"showImageEffects":true,"showParticleSystems":true},"in2DMode":false,"pivot":{"x":-1.8178033828735352,"y":0.45738065242767336,"z":0.31176143884658816},"rotation":{"x":-0.03422120213508606,"y":0.8925284743309021,"z":-0.0721101388335228,"w":-0.4461982250213623},"size":3.1857504844665529,"orthographic":false}