{"cameraMode":{"drawMode":0,"name":"Shaded","section":"Shading Mode"},"sceneLighting":true,"audioPlay":false,"sceneViewState":{"showFog":true,"showMaterialUpdate":true,"showSkybox":true,"showFlares":true,"showImageEffects":true,"showParticleSystems":true},"in2DMode":false,"pivot":{"x":13.542396545410157,"y":-169.77761840820313,"z":45.4658317565918},"rotation":{"x":0.625328779220581,"y":0.0013205156428739429,"z":-0.0016866442747414113,"w":0.7807619571685791},"size":199.82061767578126,"orthographic":false}