{"cameraMode":{"drawMode":0,"name":"Shaded","section":"Shading Mode"},"sceneLighting":true,"audioPlay":false,"sceneViewState":{"showFog":true,"showMaterialUpdate":true,"showSkybox":true,"showFlares":true,"showImageEffects":true,"showParticleSystems":true},"in2DMode":false,"pivot":{"x":-4.540896415710449,"y":-42.310279846191409,"z":-10.008777618408204},"rotation":{"x":0.14126257598400117,"y":-0.7870776653289795,"z":0.5742364525794983,"w":0.18250928819179536},"size":78.99100494384766,"orthographic":false}