{"cameraMode":{"drawMode":0,"name":"Shaded","section":"Shading Mode"},"sceneLighting":false,"audioPlay":false,"sceneViewState":{"showFog":true,"showMaterialUpdate":true,"showSkybox":true,"showFlares":true,"showImageEffects":true,"showParticleSystems":true},"in2DMode":false,"pivot":{"x":136.6887969970703,"y":17.58582878112793,"z":57.106781005859378},"rotation":{"x":-0.051678404211997989,"y":0.6886823177337647,"z":-0.05052848905324936,"w":-0.7220220565795898},"size":98.91317749023438,"orthographic":false}