{"cameraMode":{"drawMode":0,"name":"Shaded","section":"Shading Mode"},"sceneLighting":false,"audioPlay":false,"sceneViewState":{"showFog":true,"showMaterialUpdate":false,"showSkybox":false,"showFlares":true,"showImageEffects":true,"showParticleSystems":true},"in2DMode":false,"pivot":{"x":5.870379447937012,"y":27.566675186157228,"z":-55.78225326538086},"rotation":{"x":0.025236718356609346,"y":-0.5598543286323547,"z":0.01678328402340412,"w":0.8281717896461487},"size":5.47243070602417,"orthographic":false}