{"cameraMode":{"drawMode":0,"name":"Shaded","section":"Shading Mode"},"sceneLighting":false,"audioPlay":false,"sceneViewState":{"showFog":true,"showMaterialUpdate":true,"showSkybox":false,"showFlares":true,"showImageEffects":true,"showParticleSystems":true},"in2DMode":false,"pivot":{"x":-0.2598225176334381,"y":0.2479984015226364,"z":2.8870692253112795},"rotation":{"x":0.03268534690141678,"y":0.049446411430835727,"z":0.0011868482688441873,"w":-0.9986427426338196},"size":3.181901693344116,"orthographic":false}