{"cameraMode":{"drawMode":0,"name":"Shaded","section":"Shading Mode"},"sceneLighting":true,"audioPlay":false,"sceneViewState":{"showFog":true,"showMaterialUpdate":true,"showSkybox":true,"showFlares":true,"showImageEffects":true,"showParticleSystems":true},"in2DMode":false,"pivot":{"x":12.630998611450196,"y":4.141843318939209,"z":9.971600532531739},"rotation":{"x":-0.22692307829856873,"y":0.6538688540458679,"z":-0.2178562432527542,"w":-0.6889837980270386},"size":6.6724324226379398,"orthographic":false}