{"cameraMode":{"drawMode":0,"name":"Shaded","section":"Shading Mode"},"sceneLighting":false,"audioPlay":false,"sceneViewState":{"showFog":true,"showMaterialUpdate":true,"showSkybox":false,"showFlares":true,"showImageEffects":true,"showParticleSystems":true},"in2DMode":false,"pivot":{"x":6.374377727508545,"y":14.670286178588868,"z":36.05010986328125},"rotation":{"x":0.030132396146655084,"y":0.11880194395780564,"z":-0.0032799323089420797,"w":0.9928033351898193},"size":0.7660743594169617,"orthographic":false}