{"cameraMode":{"drawMode":0,"name":"Shaded","section":"Shading Mode"},"sceneLighting":true,"audioPlay":false,"sceneViewState":{"showFog":true,"showMaterialUpdate":true,"showSkybox":true,"showFlares":true,"showImageEffects":true,"showParticleSystems":true},"in2DMode":false,"pivot":{"x":-5.1060261726379398,"y":-3.0484230518341066,"z":-4.8540239334106449},"rotation":{"x":-0.1172303557395935,"y":0.8518164157867432,"z":-0.22559627890586854,"w":-0.4599008858203888},"size":8.114129066467286,"orthographic":false}