{"cameraMode":{"drawMode":0,"name":"Shaded","section":"Shading Mode"},"sceneLighting":true,"audioPlay":false,"sceneViewState":{"showFog":true,"showMaterialUpdate":true,"showSkybox":true,"showFlares":true,"showImageEffects":true,"showParticleSystems":true},"in2DMode":false,"pivot":{"x":12.961662292480469,"y":16.230470657348634,"z":3.595299243927002},"rotation":{"x":-0.27991360425949099,"y":0.717331051826477,"z":-0.43349725008010867,"w":-0.46951383352279665},"size":7.949857711791992,"orthographic":false}