{"cameraMode":{"drawMode":0,"name":"Shaded","section":"Shading Mode"},"sceneLighting":true,"audioPlay":false,"sceneViewState":{"showFog":true,"showMaterialUpdate":true,"showSkybox":true,"showFlares":true,"showImageEffects":true,"showParticleSystems":true},"in2DMode":false,"pivot":{"x":37.3813591003418,"y":-44.12301254272461,"z":81.20812225341797},"rotation":{"x":-0.22291705012321473,"y":-0.19279459118843079,"z":0.040445245802402499,"w":-0.9556194543838501},"size":183.68898010253907,"orthographic":false}