{"cameraMode":{"drawMode":0,"name":"Shaded","section":"Shading Mode"},"sceneLighting":true,"audioPlay":false,"sceneViewState":{"showFog":true,"showMaterialUpdate":false,"showSkybox":true,"showFlares":true,"showImageEffects":true,"showParticleSystems":true},"in2DMode":false,"pivot":{"x":2.032864570617676,"y":-0.6377767324447632,"z":0.8282871842384338},"rotation":{"x":0.1849796324968338,"y":0.3373855948448181,"z":-0.06779991835355759,"w":0.9205266237258911},"size":6.607396125793457,"orthographic":false}