{"cameraMode":{"drawMode":0,"name":"Shaded","section":"Shading Mode"},"sceneLighting":true,"audioPlay":false,"sceneViewState":{"showFog":true,"showMaterialUpdate":true,"showSkybox":true,"showFlares":true,"showImageEffects":true,"showParticleSystems":true},"in2DMode":false,"pivot":{"x":2.895087242126465,"y":2.2706146240234377,"z":33.86427307128906},"rotation":{"x":0.3327384293079376,"y":0.08441971987485886,"z":-0.036296334117650989,"w":0.939868688583374},"size":62.40046310424805,"orthographic":false}