{"cameraMode":{"drawMode":0,"name":"Shaded","section":"Shading Mode"},"sceneLighting":true,"audioPlay":false,"sceneViewState":{"showFog":true,"showMaterialUpdate":false,"showSkybox":false,"showFlares":true,"showImageEffects":true,"showParticleSystems":true},"in2DMode":false,"pivot":{"x":6.909698486328125,"y":26.129947662353517,"z":-60.24092102050781},"rotation":{"x":-0.01950513757765293,"y":0.9804050922393799,"z":-0.12296231091022492,"w":-0.15342362225055695},"size":7.614353179931641,"orthographic":false}