{"cameraMode":{"drawMode":0,"name":"Shaded","section":"Shading Mode"},"sceneLighting":false,"audioPlay":false,"sceneViewState":{"showFog":true,"showMaterialUpdate":true,"showSkybox":false,"showFlares":true,"showImageEffects":true,"showParticleSystems":true},"in2DMode":false,"pivot":{"x":5.036625385284424,"y":0.43427035212516787,"z":-6.162733554840088},"rotation":{"x":-0.002270997269079089,"y":0.9409816861152649,"z":0.005237882491201162,"w":0.3395870625972748},"size":9.005399703979493,"orthographic":false}