{"cameraMode":{"drawMode":0,"name":"Shaded","section":"Shading Mode"},"sceneLighting":true,"audioPlay":false,"sceneViewState":{"showFog":true,"showMaterialUpdate":true,"showSkybox":true,"showFlares":true,"showImageEffects":true,"showParticleSystems":true},"in2DMode":false,"pivot":{"x":53.716670989990237,"y":23.86776351928711,"z":109.8201904296875},"rotation":{"x":0.01069824118167162,"y":-0.40717262029647829,"z":-0.0047249034978449348,"w":-0.9135140776634216},"size":165.47154235839845,"orthographic":false}