{"cameraMode":{"drawMode":0,"name":"Shaded","section":"Shading Mode"},"sceneLighting":false,"audioPlay":false,"sceneViewState":{"showFog":true,"showMaterialUpdate":true,"showSkybox":false,"showFlares":true,"showImageEffects":true,"showParticleSystems":true},"in2DMode":false,"pivot":{"x":-4.499249458312988,"y":-22.66179656982422,"z":16.709609985351564},"rotation":{"x":0.4225805103778839,"y":-0.08336715400218964,"z":0.04138066619634628,"w":0.9020448923110962},"size":37.19398498535156,"orthographic":false}