{"cameraMode":{"drawMode":0,"name":"Shaded","section":"Shading Mode"},"sceneLighting":true,"audioPlay":false,"sceneViewState":{"showFog":true,"showMaterialUpdate":true,"showSkybox":true,"showFlares":true,"showImageEffects":true,"showParticleSystems":true},"in2DMode":false,"pivot":{"x":-5.3386969566345219,"y":-17.731876373291017,"z":16.82915496826172},"rotation":{"x":0.43126651644706728,"y":-0.016976624727249147,"z":0.010099275968968869,"w":0.9025216102600098},"size":111.6384506225586,"orthographic":false}