{"cameraMode":{"drawMode":0,"name":"Shaded","section":"Shading Mode"},"sceneLighting":true,"audioPlay":false,"sceneViewState":{"showFog":true,"showMaterialUpdate":true,"showSkybox":true,"showFlares":true,"showImageEffects":true,"showParticleSystems":true},"in2DMode":false,"pivot":{"x":3.2164077758789064,"y":5.280185699462891,"z":-10.662300109863282},"rotation":{"x":0.33721864223480227,"y":0.03431214019656181,"z":-0.007455823477357626,"w":0.9414247870445252},"size":17.507753372192384,"orthographic":false}