{"cameraMode":{"drawMode":0,"name":"Shaded","section":"Shading Mode"},"sceneLighting":true,"audioPlay":false,"sceneViewState":{"showFog":true,"showMaterialUpdate":true,"showSkybox":true,"showFlares":true,"showImageEffects":true,"showParticleSystems":true},"in2DMode":false,"pivot":{"x":6.985881805419922,"y":7.130862236022949,"z":11.516654968261719},"rotation":{"x":0.07944168150424957,"y":-0.9162867069244385,"z":0.3396429717540741,"w":0.20321357250213624},"size":15.73715591430664,"orthographic":false}