{"cameraMode":{"drawMode":0,"name":"Shaded","section":"Shading Mode"},"sceneLighting":false,"audioPlay":false,"sceneViewState":{"showFog":true,"showMaterialUpdate":true,"showSkybox":true,"showFlares":true,"showImageEffects":true,"showParticleSystems":true},"in2DMode":false,"pivot":{"x":-5.436188697814941,"y":-11.631458282470704,"z":-24.174514770507814},"rotation":{"x":0.048574354499578479,"y":-0.9436258673667908,"z":0.28462255001068118,"w":0.16397368907928468},"size":39.09128189086914,"orthographic":false}