{"cameraMode":{"drawMode":0,"name":"Shaded","section":"Shading Mode"},"sceneLighting":true,"audioPlay":false,"sceneViewState":{"showFog":true,"showMaterialUpdate":true,"showSkybox":true,"showFlares":true,"showImageEffects":true,"showParticleSystems":true},"in2DMode":false,"pivot":{"x":4.85129451751709,"y":-2.3533687591552736,"z":5.394873142242432},"rotation":{"x":-0.6831252574920654,"y":-0.006905181799083948,"z":0.007396399974822998,"w":-0.730644941329956},"size":12.356719017028809,"orthographic":false}