{"cameraMode":{"drawMode":0,"name":"Shaded","section":"Shading Mode"},"sceneLighting":true,"audioPlay":false,"sceneViewState":{"showFog":true,"showMaterialUpdate":true,"showSkybox":true,"showFlares":true,"showImageEffects":true,"showParticleSystems":true},"in2DMode":false,"pivot":{"x":-14.809735298156739,"y":11.58969497680664,"z":37.92231369018555},"rotation":{"x":0.036996327340602878,"y":-0.11318878084421158,"z":0.009339935146272183,"w":0.9934645295143127},"size":56.622215270996097,"orthographic":false}