{"cameraMode":{"drawMode":0,"name":"Shaded","section":"Shading Mode"},"sceneLighting":true,"audioPlay":false,"sceneViewState":{"showFog":true,"showMaterialUpdate":true,"showSkybox":true,"showFlares":true,"showImageEffects":true,"showParticleSystems":true},"in2DMode":false,"pivot":{"x":47.55288314819336,"y":-46.605159759521487,"z":26.56736946105957},"rotation":{"x":0.30461472272872927,"y":0.5312045812606812,"z":-0.2067660391330719,"w":0.7637762427330017},"size":102.29525756835938,"orthographic":false}