{"cameraMode":{"drawMode":0,"name":"Shaded","section":"Shading Mode"},"sceneLighting":false,"audioPlay":false,"sceneViewState":{"showFog":true,"showMaterialUpdate":true,"showSkybox":true,"showFlares":true,"showImageEffects":true,"showParticleSystems":true},"in2DMode":false,"pivot":{"x":76.07356262207031,"y":-46.1041374206543,"z":18.7711238861084},"rotation":{"x":0.22938382625579835,"y":0.6096101999282837,"z":-0.18920274078845979,"w":0.7352895736694336},"size":90.21722412109375,"orthographic":false}