{"cameraMode":{"drawMode":0,"name":"Shaded","section":"Shading Mode"},"sceneLighting":false,"audioPlay":false,"sceneViewState":{"showFog":true,"showMaterialUpdate":true,"showSkybox":false,"showFlares":true,"showImageEffects":true,"showParticleSystems":true},"in2DMode":false,"pivot":{"x":-3.5904650688171388,"y":0.5649015307426453,"z":-0.9260989427566528},"rotation":{"x":-0.09353801608085633,"y":0.7835657596588135,"z":-0.12264271825551987,"w":-0.60245680809021},"size":5.521938800811768,"orthographic":false}