{"cameraMode":{"drawMode":0,"name":"Shaded","section":"Shading Mode"},"sceneLighting":true,"audioPlay":false,"sceneViewState":{"showFog":true,"showMaterialUpdate":true,"showSkybox":false,"showFlares":true,"showImageEffects":true,"showParticleSystems":true},"in2DMode":false,"pivot":{"x":0.882926344871521,"y":1.3622181415557862,"z":-1.3022631406784058},"rotation":{"x":0.0010762738529592753,"y":0.9992945790290833,"z":0.04468854144215584,"w":-0.011837007477879525},"size":5.521938800811768,"orthographic":false}