{"cameraMode":{"drawMode":0,"name":"Shaded","section":"Shading Mode"},"sceneLighting":true,"audioPlay":false,"sceneViewState":{"showFog":true,"showMaterialUpdate":true,"showSkybox":true,"showFlares":true,"showImageEffects":true,"showParticleSystems":true},"in2DMode":false,"pivot":{"x":-39.69029235839844,"y":-291.7401123046875,"z":-139.82130432128907},"rotation":{"x":0.06981728971004486,"y":-0.8405025601387024,"z":0.5269478559494019,"w":0.11412188410758972},"size":364.6196594238281,"orthographic":false}