{"cameraMode":{"drawMode":0,"name":"Shaded","section":"Shading Mode"},"sceneLighting":false,"audioPlay":false,"sceneViewState":{"showFog":true,"showMaterialUpdate":true,"showSkybox":false,"showFlares":true,"showImageEffects":true,"showParticleSystems":true},"in2DMode":false,"pivot":{"x":-1.2678461074829102,"y":1.5183849334716797,"z":-0.8604311347007752},"rotation":{"x":0.1436627209186554,"y":-0.04540102928876877,"z":0.007449973840266466,"w":0.9889084696769714},"size":4.021937847137451,"orthographic":false}