{"cameraMode":{"drawMode":0,"name":"Shaded","section":"Shading Mode"},"sceneLighting":false,"audioPlay":false,"sceneViewState":{"showFog":true,"showMaterialUpdate":true,"showSkybox":true,"showFlares":true,"showImageEffects":true,"showParticleSystems":true},"in2DMode":false,"pivot":{"x":0.13469631969928742,"y":7.548966884613037,"z":-4.285955429077148},"rotation":{"x":-0.48431476950645449,"y":-0.5141430497169495,"z":0.45970073342323305,"w":-0.5390767455101013},"size":23.0805606842041,"orthographic":false}