{"cameraMode":{"drawMode":0,"name":"Shaded","section":"Shading Mode"},"sceneLighting":false,"audioPlay":false,"sceneViewState":{"showFog":true,"showMaterialUpdate":true,"showSkybox":false,"showFlares":true,"showImageEffects":true,"showParticleSystems":true},"in2DMode":false,"pivot":{"x":-1.6077282428741456,"y":-0.6019631028175354,"z":-3.150797128677368},"rotation":{"x":0.016036534681916238,"y":-0.9784986972808838,"z":0.0811736062169075,"w":0.19097426533699037},"size":4.423670768737793,"orthographic":false}