{"cameraMode":{"drawMode":0,"name":"Shaded","section":"Shading Mode"},"sceneLighting":true,"audioPlay":false,"sceneViewState":{"showFog":true,"showMaterialUpdate":true,"showSkybox":true,"showFlares":true,"showImageEffects":true,"showParticleSystems":true},"in2DMode":false,"pivot":{"x":68.24945068359375,"y":-20.413249969482423,"z":71.52604675292969},"rotation":{"x":-0.1524105668067932,"y":-0.3757803738117218,"z":0.05840594321489334,"w":-0.9129084944725037},"size":114.98841094970703,"orthographic":false}