{"cameraMode":{"drawMode":0,"name":"Shaded","section":"Shading Mode"},"sceneLighting":true,"audioPlay":false,"sceneViewState":{"showFog":true,"showMaterialUpdate":false,"showSkybox":true,"showFlares":true,"showImageEffects":true,"showParticleSystems":true},"in2DMode":false,"pivot":{"x":15.986652374267579,"y":-0.3042125701904297,"z":-8.350618362426758},"rotation":{"x":-0.10982686281204224,"y":-0.8110328316688538,"z":0.16180789470672608,"w":-0.5515220165252686},"size":40.70474624633789,"orthographic":false}