{"cameraMode":{"drawMode":0,"name":"Shaded","section":"Shading Mode"},"sceneLighting":true,"audioPlay":false,"sceneViewState":{"showFog":true,"showMaterialUpdate":true,"showSkybox":true,"showFlares":true,"showImageEffects":true,"showParticleSystems":true},"in2DMode":false,"pivot":{"x":-2.8991687297821047,"y":19.501495361328126,"z":1.5596247911453248},"rotation":{"x":0.6933479309082031,"y":0.04319365695118904,"z":-0.035626448690891269,"w":0.7192777991294861},"size":10.362083435058594,"orthographic":false}