{"cameraMode":{"drawMode":0,"name":"Shaded","section":"Shading Mode"},"sceneLighting":false,"audioPlay":false,"sceneViewState":{"showFog":true,"showMaterialUpdate":true,"showSkybox":false,"showFlares":true,"showImageEffects":true,"showParticleSystems":true},"in2DMode":false,"pivot":{"x":-0.7275869846343994,"y":0.17860475182533265,"z":-0.17239266633987428},"rotation":{"x":-0.046301599591970447,"y":-0.7800633907318115,"z":-0.05665214732289314,"w":0.6220586895942688},"size":0.8243334889411926,"orthographic":false}