{"cameraMode":{"drawMode":0,"name":"Shaded","section":"Shading Mode"},"sceneLighting":false,"audioPlay":false,"sceneViewState":{"showFog":true,"showMaterialUpdate":true,"showSkybox":false,"showFlares":true,"showImageEffects":true,"showParticleSystems":true},"in2DMode":false,"pivot":{"x":1.1030300855636597,"y":-0.23942308127880097,"z":1.107211947441101},"rotation":{"x":0.09563640505075455,"y":0.36274999380111697,"z":-0.03596733137965202,"w":0.926724374294281},"size":1.9848487377166749,"orthographic":false}