{"cameraMode":{"drawMode":0,"name":"Shaded","section":"Shading Mode"},"sceneLighting":false,"audioPlay":false,"sceneViewState":{"showFog":true,"showMaterialUpdate":true,"showSkybox":false,"showFlares":true,"showImageEffects":true,"showParticleSystems":true},"in2DMode":false,"pivot":{"x":-2.3037686347961427,"y":2.003412961959839,"z":3.0028505325317385},"rotation":{"x":0.11593782901763916,"y":0.8632027506828308,"z":-0.22771722078323365,"w":0.436229407787323},"size":2.8578836917877199,"orthographic":false}