{"cameraMode":{"drawMode":0,"name":"Shaded","section":"Shading Mode"},"sceneLighting":false,"audioPlay":false,"sceneViewState":{"showFog":true,"showMaterialUpdate":true,"showSkybox":false,"showFlares":true,"showImageEffects":true,"showParticleSystems":true},"in2DMode":false,"pivot":{"x":-4.3320631980896,"y":3.024585485458374,"z":15.367670059204102},"rotation":{"x":0.07892164587974549,"y":0.15260453522205354,"z":0.007641130592674017,"w":-0.9857387542724609},"size":17.475900650024415,"orthographic":false}