{"cameraMode":{"drawMode":0,"name":"Shaded","section":"Shading Mode"},"sceneLighting":true,"audioPlay":false,"sceneViewState":{"showFog":true,"showMaterialUpdate":true,"showSkybox":true,"showFlares":true,"showImageEffects":true,"showParticleSystems":true},"in2DMode":false,"pivot":{"x":13.352250099182129,"y":74.64462280273438,"z":-124.00314331054688},"rotation":{"x":0.13215209543704987,"y":-0.019590266048908235,"z":-0.0017951029585674406,"w":0.9923186302185059},"size":0.8613054156303406,"orthographic":false}