{"cameraMode":{"drawMode":0,"name":"Shaded","section":"Shading Mode"},"sceneLighting":true,"audioPlay":false,"sceneViewState":{"showFog":true,"showMaterialUpdate":true,"showSkybox":true,"showFlares":true,"showImageEffects":true,"showParticleSystems":true},"in2DMode":false,"pivot":{"x":0.39581814408302309,"y":-1.1507978439331055,"z":1.3069170713424683},"rotation":{"x":0.31219378113746645,"y":-0.1051439642906189,"z":0.038745932281017306,"w":0.9440334439277649},"size":6.6724324226379398,"orthographic":false}