{"cameraMode":{"drawMode":0,"name":"Shaded","section":"Shading Mode"},"sceneLighting":true,"audioPlay":false,"sceneViewState":{"showFog":true,"showMaterialUpdate":true,"showSkybox":true,"showFlares":true,"showImageEffects":true,"showParticleSystems":true},"in2DMode":false,"pivot":{"x":24.401710510253908,"y":-108.51718139648438,"z":1.0070886611938477},"rotation":{"x":0.4769677221775055,"y":0.5040066838264465,"z":-0.4015323519706726,"w":0.599550724029541},"size":141.41201782226563,"orthographic":false}