{"cameraMode":{"drawMode":0,"name":"Shaded","section":"Shading Mode"},"sceneLighting":false,"audioPlay":false,"sceneViewState":{"showFog":true,"showMaterialUpdate":true,"showSkybox":true,"showFlares":true,"showImageEffects":true,"showParticleSystems":true},"in2DMode":false,"pivot":{"x":-45.05078125,"y":-67.5572738647461,"z":-1.6784462928771973},"rotation":{"x":-0.319077730178833,"y":0.6545615792274475,"z":-0.3596212863922119,"w":-0.5841543078422546},"size":195.1189727783203,"orthographic":false}