{"cameraMode":{"drawMode":0,"name":"Shaded","section":"Shading Mode"},"sceneLighting":true,"audioPlay":false,"sceneViewState":{"showFog":true,"showMaterialUpdate":true,"showSkybox":true,"showFlares":true,"showImageEffects":true,"showParticleSystems":true},"in2DMode":false,"pivot":{"x":-8.372109413146973,"y":21.452680587768556,"z":-10.620338439941407},"rotation":{"x":0.6496362686157227,"y":0.013718662783503533,"z":-0.00901238527148962,"w":0.7606590986251831},"size":2.9526901245117189,"orthographic":false}