{"cameraMode":{"drawMode":0,"name":"Shaded","section":"Shading Mode"},"sceneLighting":true,"audioPlay":false,"sceneViewState":{"showFog":true,"showMaterialUpdate":true,"showSkybox":true,"showFlares":true,"showImageEffects":true,"showParticleSystems":true},"in2DMode":false,"pivot":{"x":-0.11599720269441605,"y":-0.26763489842414858,"z":-1.9547183513641358},"rotation":{"x":-0.12515239417552949,"y":-0.84251469373703,"z":0.4806915521621704,"w":-0.21259325742721559},"size":2.0722527503967287,"orthographic":false}