{"cameraMode":{"drawMode":0,"name":"Shaded","section":"Shading Mode"},"sceneLighting":false,"audioPlay":false,"sceneViewState":{"showFog":true,"showMaterialUpdate":true,"showSkybox":false,"showFlares":true,"showImageEffects":true,"showParticleSystems":true},"in2DMode":false,"pivot":{"x":6.475882530212402,"y":14.746786117553711,"z":35.28315734863281},"rotation":{"x":0.11043789237737656,"y":-0.1065453290939331,"z":0.01222032681107521,"w":0.9884288907051086},"size":0.06953079253435135,"orthographic":false}