{"cameraMode":{"drawMode":0,"name":"Shaded","section":"Shading Mode"},"sceneLighting":true,"audioPlay":false,"sceneViewState":{"showFog":true,"showMaterialUpdate":true,"showSkybox":true,"showFlares":true,"showImageEffects":true,"showParticleSystems":true},"in2DMode":false,"pivot":{"x":2.3001091480255129,"y":-26.341224670410158,"z":2.5140092372894289},"rotation":{"x":0.669935941696167,"y":-0.008506739512085915,"z":0.012778757140040398,"w":0.7429826855659485},"size":46.4053840637207,"orthographic":false}