{"cameraMode":{"drawMode":0,"name":"Shaded","section":"Shading Mode"},"sceneLighting":false,"audioPlay":false,"sceneViewState":{"showFog":true,"showMaterialUpdate":true,"showSkybox":false,"showFlares":true,"showImageEffects":true,"showParticleSystems":true},"in2DMode":false,"pivot":{"x":-1.5279130935668946,"y":0.9109846949577332,"z":-2.3622004985809328},"rotation":{"x":0.04777761548757553,"y":0.9423258900642395,"z":0.1538095921278,"w":-0.2948084771633148},"size":3.643801212310791,"orthographic":false}