{"cameraMode":{"drawMode":0,"name":"Shaded","section":"Shading Mode"},"sceneLighting":true,"audioPlay":false,"sceneViewState":{"showFog":true,"showMaterialUpdate":true,"showSkybox":true,"showFlares":true,"showImageEffects":true,"showParticleSystems":true},"in2DMode":false,"pivot":{"x":-1.216446042060852,"y":-41.64107894897461,"z":28.920671463012697},"rotation":{"x":-0.4727351665496826,"y":0.022899392992258073,"z":-0.016787555068731309,"w":-0.8816354274749756},"size":55.40424346923828,"orthographic":false}