{"cameraMode":{"drawMode":0,"name":"Shaded","section":"Shading Mode"},"sceneLighting":true,"audioPlay":false,"sceneViewState":{"showFog":true,"showMaterialUpdate":true,"showSkybox":true,"showFlares":true,"showImageEffects":true,"showParticleSystems":true},"in2DMode":false,"pivot":{"x":-0.4111385643482208,"y":1.5803508758544922,"z":3.633049488067627},"rotation":{"x":-0.6834484934806824,"y":-0.010103990323841572,"z":0.0035696339327841999,"w":-0.7309182286262512},"size":30.10127067565918,"orthographic":false}