{"cameraMode":{"drawMode":0,"name":"Shaded","section":"Shading Mode"},"sceneLighting":true,"audioPlay":false,"sceneViewState":{"showFog":true,"showMaterialUpdate":true,"showSkybox":true,"showFlares":true,"showImageEffects":true,"showParticleSystems":true},"in2DMode":false,"pivot":{"x":17.391695022583009,"y":15.616192817687989,"z":9.113655090332032},"rotation":{"x":-0.6864252686500549,"y":-0.004681359510868788,"z":0.00537668913602829,"w":-0.7275816202163696},"size":24.35748291015625,"orthographic":false}