{"cameraMode":{"drawMode":0,"name":"Shaded","section":"Shading Mode"},"sceneLighting":true,"audioPlay":false,"sceneViewState":{"showFog":true,"showMaterialUpdate":true,"showSkybox":true,"showFlares":true,"showImageEffects":true,"showParticleSystems":true},"in2DMode":false,"pivot":{"x":-1.6472315788269044,"y":2.068589687347412,"z":-8.615521430969239},"rotation":{"x":0.2889731824398041,"y":-0.012196562252938748,"z":0.0003516626893542707,"w":0.958405077457428},"size":13.789326667785645,"orthographic":false}