{"cameraMode":{"drawMode":0,"name":"Shaded","section":"Shading Mode"},"sceneLighting":false,"audioPlay":false,"sceneViewState":{"showFog":true,"showMaterialUpdate":true,"showSkybox":true,"showFlares":true,"showImageEffects":true,"showParticleSystems":true},"in2DMode":false,"pivot":{"x":-12.17586612701416,"y":-15.243783950805664,"z":13.021940231323243},"rotation":{"x":0.2933734655380249,"y":-0.4331704080104828,"z":0.15137958526611329,"w":0.8391327261924744},"size":59.49628448486328,"orthographic":false}