{"cameraMode":{"drawMode":0,"name":"Shaded","section":"Shading Mode"},"sceneLighting":true,"audioPlay":false,"sceneViewState":{"showFog":true,"showMaterialUpdate":true,"showSkybox":true,"showFlares":true,"showImageEffects":true,"showParticleSystems":true},"in2DMode":false,"pivot":{"x":2.0697693824768068,"y":1.6710199117660523,"z":-8.963348388671875},"rotation":{"x":-0.1393178552389145,"y":0.6694876551628113,"z":-0.13108374178409577,"w":-0.7190297842025757},"size":65.81755065917969,"orthographic":false}