{"cameraMode":{"drawMode":0,"name":"Shaded","section":"Shading Mode"},"sceneLighting":true,"audioPlay":false,"sceneViewState":{"showFog":true,"showMaterialUpdate":true,"showSkybox":true,"showFlares":true,"showImageEffects":true,"showParticleSystems":true},"in2DMode":false,"pivot":{"x":29.97930145263672,"y":26.836410522460939,"z":0.421772837638855},"rotation":{"x":-0.08579631894826889,"y":-0.7125968933105469,"z":0.0903920978307724,"w":-0.6920081973075867},"size":50.84348678588867,"orthographic":false}