{"cameraMode":{"drawMode":0,"name":"Shaded","section":"Shading Mode"},"sceneLighting":true,"audioPlay":false,"sceneViewState":{"showFog":true,"showMaterialUpdate":true,"showSkybox":true,"showFlares":true,"showImageEffects":true,"showParticleSystems":true},"in2DMode":false,"pivot":{"x":-6.712338447570801,"y":0.07013845443725586,"z":2.7075915336608888},"rotation":{"x":0.07993980497121811,"y":-0.8116521835327148,"z":0.12333215028047562,"w":0.5668197870254517},"size":4.19460391998291,"orthographic":false}