{"cameraMode":{"drawMode":0,"name":"Shaded","section":"Shading Mode"},"sceneLighting":true,"audioPlay":false,"sceneViewState":{"showFog":true,"showMaterialUpdate":true,"showSkybox":true,"showFlares":true,"showImageEffects":true,"showParticleSystems":true},"in2DMode":false,"pivot":{"x":4.2351555824279789,"y":14.289605140686036,"z":-4.277185440063477},"rotation":{"x":-0.20307746529579163,"y":-0.5327280163764954,"z":0.12729841470718385,"w":-0.8125874400138855},"size":8.705225944519043,"orthographic":false}