{"cameraMode":{"drawMode":0,"name":"Shaded","section":"Shading Mode"},"sceneLighting":false,"audioPlay":false,"sceneViewState":{"showFog":true,"showMaterialUpdate":true,"showSkybox":false,"showFlares":true,"showImageEffects":true,"showParticleSystems":true},"in2DMode":false,"pivot":{"x":-0.19037944078445435,"y":0.45371565222740176,"z":2.9086272716522219},"rotation":{"x":0.06862994283437729,"y":0.041896894574165347,"z":0.0024005239829421045,"w":-0.9971615076065064},"size":3.181901693344116,"orthographic":false}