{"cameraMode":{"drawMode":0,"name":"Shaded","section":"Shading Mode"},"sceneLighting":false,"audioPlay":false,"sceneViewState":{"showFog":true,"showMaterialUpdate":true,"showSkybox":false,"showFlares":true,"showImageEffects":true,"showParticleSystems":true},"in2DMode":false,"pivot":{"x":1.2943503856658936,"y":-0.07256388664245606,"z":0.853991687297821},"rotation":{"x":-0.04181906580924988,"y":-0.47904473543167117,"z":0.021079540252685548,"w":-0.8770285248756409},"size":1.9848487377166749,"orthographic":false}