{"cameraMode":{"drawMode":0,"name":"Shaded","section":"Shading Mode"},"sceneLighting":false,"audioPlay":false,"sceneViewState":{"showFog":true,"showMaterialUpdate":true,"showSkybox":false,"showFlares":true,"showImageEffects":true,"showParticleSystems":true},"in2DMode":false,"pivot":{"x":0.029392700642347337,"y":0.33000561594963076,"z":-0.9274190664291382},"rotation":{"x":0.2101825475692749,"y":-0.02810487151145935,"z":0.007475969847291708,"w":0.9776626229286194},"size":1.9848487377166749,"orthographic":false}