{"cameraMode":{"drawMode":0,"name":"Shaded","section":"Shading Mode"},"sceneLighting":true,"audioPlay":false,"sceneViewState":{"showFog":true,"showMaterialUpdate":true,"showSkybox":true,"showFlares":true,"showImageEffects":true,"showParticleSystems":true},"in2DMode":false,"pivot":{"x":1.0418050289154053,"y":3.729471206665039,"z":-8.439794540405274},"rotation":{"x":-0.10679452121257782,"y":-0.836741030216217,"z":0.5103496313095093,"w":-0.17398297786712647},"size":22.474281311035158,"orthographic":false}