{"cameraMode":{"drawMode":0,"name":"Shaded","section":"Shading Mode"},"sceneLighting":false,"audioPlay":false,"sceneViewState":{"showFog":true,"showMaterialUpdate":true,"showSkybox":true,"showFlares":true,"showImageEffects":true,"showParticleSystems":true},"in2DMode":false,"pivot":{"x":-1.7074142694473267,"y":-0.3054579198360443,"z":4.958029747009277},"rotation":{"x":-0.09154655784368515,"y":0.037436481565237048,"z":-0.006994378287345171,"w":-0.995897650718689},"size":11.020726203918457,"orthographic":false}