{"cameraMode":{"drawMode":0,"name":"Shaded","section":"Shading Mode"},"sceneLighting":true,"audioPlay":false,"sceneViewState":{"showFog":true,"showMaterialUpdate":true,"showSkybox":true,"showFlares":true,"showImageEffects":true,"showParticleSystems":true},"in2DMode":false,"pivot":{"x":9.017021179199219,"y":-262.0543212890625,"z":64.55781555175781},"rotation":{"x":0.6334694623947144,"y":-0.007992959581315518,"z":0.005863165948539972,"w":0.7741145491600037},"size":302.29638671875,"orthographic":false}