{"cameraMode":{"drawMode":0,"name":"Shaded","section":"Shading Mode"},"sceneLighting":false,"audioPlay":false,"sceneViewState":{"showFog":true,"showMaterialUpdate":true,"showSkybox":false,"showFlares":true,"showImageEffects":true,"showParticleSystems":true},"in2DMode":false,"pivot":{"x":-0.6842414140701294,"y":2.393120050430298,"z":0.7367174625396729},"rotation":{"x":0.2855675220489502,"y":0.7148938179016113,"z":-0.46728515625,"w":0.43558236956596377},"size":2.8578836917877199,"orthographic":false}