{"cameraMode":{"drawMode":0,"name":"Shaded","section":"Shading Mode"},"sceneLighting":true,"audioPlay":false,"sceneViewState":{"showFog":true,"showMaterialUpdate":true,"showSkybox":true,"showFlares":true,"showImageEffects":true,"showParticleSystems":true},"in2DMode":false,"pivot":{"x":-60.88492965698242,"y":-46.25244903564453,"z":23.48996925354004},"rotation":{"x":-0.24099744856357575,"y":0.5686831474304199,"z":-0.17700789868831635,"w":-0.7677662968635559},"size":136.0948028564453,"orthographic":false}