{"cameraMode":{"drawMode":0,"name":"Shaded","section":"Shading Mode"},"sceneLighting":true,"audioPlay":false,"sceneViewState":{"showFog":true,"showMaterialUpdate":true,"showSkybox":true,"showFlares":true,"showImageEffects":true,"showParticleSystems":true},"in2DMode":false,"pivot":{"x":7.902406215667725,"y":11.042353630065918,"z":46.32102966308594},"rotation":{"x":-0.04336436465382576,"y":-0.1352635622024536,"z":0.006181638687849045,"w":-0.9900451898574829},"size":75.68883514404297,"orthographic":false}