{"cameraMode":{"drawMode":0,"name":"Shaded","section":"Shading Mode"},"sceneLighting":true,"audioPlay":false,"sceneViewState":{"showFog":true,"showMaterialUpdate":true,"showSkybox":true,"showFlares":true,"showImageEffects":true,"showParticleSystems":true},"in2DMode":false,"pivot":{"x":-3.766862630844116,"y":32.595802307128909,"z":7.9007978439331059},"rotation":{"x":0.09324387460947037,"y":0.016550805419683458,"z":0.0012838251423090697,"w":0.9959632754325867},"size":2.857893943786621,"orthographic":false}