{"cameraMode":{"drawMode":0,"name":"Shaded","section":"Shading Mode"},"sceneLighting":false,"audioPlay":false,"sceneViewState":{"showFog":true,"showMaterialUpdate":true,"showSkybox":false,"showFlares":true,"showImageEffects":true,"showParticleSystems":true},"in2DMode":false,"pivot":{"x":0.7585020065307617,"y":1.707405686378479,"z":-1.2519237995147706},"rotation":{"x":0.0023604175075888635,"y":0.99717777967453,"z":0.07611608505249024,"w":-0.02376507595181465},"size":5.521938800811768,"orthographic":false}