{"cameraMode":{"drawMode":0,"name":"Shaded","section":"Shading Mode"},"sceneLighting":true,"audioPlay":false,"sceneViewState":{"showFog":true,"showMaterialUpdate":true,"showSkybox":true,"showFlares":true,"showImageEffects":true,"showParticleSystems":true},"in2DMode":false,"pivot":{"x":12.109623908996582,"y":14.029793739318848,"z":9.798975944519043},"rotation":{"x":-0.2797752320766449,"y":0.6869502663612366,"z":-0.3287237882614136,"w":-0.586504340171814},"size":7.57209587097168,"orthographic":false}