{"cameraMode":{"drawMode":0,"name":"Shaded","section":"Shading Mode"},"sceneLighting":true,"audioPlay":false,"sceneViewState":{"showFog":true,"showMaterialUpdate":true,"showSkybox":true,"showFlares":true,"showImageEffects":true,"showParticleSystems":true},"in2DMode":false,"pivot":{"x":8.693084716796875,"y":4.8317694664001469,"z":-3.2025437355041506},"rotation":{"x":0.19340334832668305,"y":-0.13100850582122804,"z":0.029791317880153657,"w":0.9725006818771362},"size":6.6724324226379398,"orthographic":false}