{"cameraMode":{"drawMode":0,"name":"Shaded","section":"Shading Mode"},"sceneLighting":true,"audioPlay":false,"sceneViewState":{"showFog":true,"showMaterialUpdate":false,"showSkybox":true,"showFlares":true,"showImageEffects":true,"showParticleSystems":true},"in2DMode":false,"pivot":{"x":-79.16558074951172,"y":4.809154987335205,"z":-56.78788757324219},"rotation":{"x":0.013955370523035527,"y":-0.8915473222732544,"z":0.02690471149981022,"w":0.45214277505874636},"size":95.26295471191406,"orthographic":false}