{"cameraMode":{"drawMode":0,"name":"Shaded","section":"Shading Mode"},"sceneLighting":true,"audioPlay":false,"sceneViewState":{"showFog":true,"showMaterialUpdate":true,"showSkybox":true,"showFlares":true,"showImageEffects":true,"showParticleSystems":true},"in2DMode":false,"pivot":{"x":19.814002990722658,"y":-53.27473068237305,"z":0.8859765529632568},"rotation":{"x":-0.4249277114868164,"y":-0.5586724281311035,"z":0.38956862688064577,"w":-0.5977109670639038},"size":60.95405960083008,"orthographic":false}