{"cameraMode":{"drawMode":0,"name":"Shaded","section":"Shading Mode"},"sceneLighting":false,"audioPlay":false,"sceneViewState":{"showFog":true,"showMaterialUpdate":true,"showSkybox":false,"showFlares":true,"showImageEffects":true,"showParticleSystems":true},"in2DMode":false,"pivot":{"x":-1.0971441268920899,"y":0.28677505254745486,"z":-2.203235149383545},"rotation":{"x":0.01492174994200468,"y":0.9725027084350586,"z":0.05630011111497879,"w":-0.23006758093833924},"size":3.1857504844665529,"orthographic":false}