{"cameraMode":{"drawMode":0,"name":"Shaded","section":"Shading Mode"},"sceneLighting":false,"audioPlay":false,"sceneViewState":{"showFog":true,"showMaterialUpdate":true,"showSkybox":false,"showFlares":true,"showImageEffects":true,"showParticleSystems":true},"in2DMode":false,"pivot":{"x":16.225940704345704,"y":-2.4816431999206545,"z":7.762075901031494},"rotation":{"x":-0.1086345762014389,"y":-0.5338331460952759,"z":0.06685221195220947,"w":-0.8367067575454712},"size":23.359983444213868,"orthographic":false}