{"cameraMode":{"drawMode":0,"name":"Shaded","section":"Shading Mode"},"sceneLighting":true,"audioPlay":false,"sceneViewState":{"showFog":true,"showMaterialUpdate":true,"showSkybox":true,"showFlares":true,"showImageEffects":true,"showParticleSystems":true},"in2DMode":false,"pivot":{"x":3.8946125507354738,"y":-74.42882537841797,"z":73.17835998535156},"rotation":{"x":-0.4314311146736145,"y":0.032623764127492908,"z":-0.014524250291287899,"w":-0.9027014970779419},"size":136.0948028564453,"orthographic":false}