{"cameraMode":{"drawMode":0,"name":"Shaded","section":"Shading Mode"},"sceneLighting":false,"audioPlay":false,"sceneViewState":{"showFog":true,"showMaterialUpdate":true,"showSkybox":false,"showFlares":true,"showImageEffects":true,"showParticleSystems":true},"in2DMode":false,"pivot":{"x":-0.5438634753227234,"y":1.2640841007232667,"z":-0.3546895682811737},"rotation":{"x":-0.022662144154310228,"y":0.9449052810668945,"z":-0.0686233788728714,"w":-0.3203972578048706},"size":5.521938800811768,"orthographic":false}