{"cameraMode":{"drawMode":0,"name":"Shaded","section":"Shading Mode"},"sceneLighting":true,"audioPlay":false,"sceneViewState":{"showFog":true,"showMaterialUpdate":true,"showSkybox":true,"showFlares":true,"showImageEffects":true,"showParticleSystems":true},"in2DMode":false,"pivot":{"x":1.6470242738723755,"y":-184.46775817871095,"z":-53.882694244384769},"rotation":{"x":0.00136881647631526,"y":-0.8060443997383118,"z":0.593665599822998,"w":-0.0038842058274894954},"size":218.281005859375,"orthographic":false}