{"cameraMode":{"drawMode":0,"name":"Shaded","section":"Shading Mode"},"sceneLighting":true,"audioPlay":false,"sceneViewState":{"showFog":true,"showMaterialUpdate":true,"showSkybox":true,"showFlares":true,"showImageEffects":true,"showParticleSystems":true},"in2DMode":false,"pivot":{"x":4.162266731262207,"y":11.487147331237793,"z":-1.2956777811050416},"rotation":{"x":0.18318478763103486,"y":-0.5565371513366699,"z":0.12324818223714829,"w":0.8025400042533875},"size":2.061305284500122,"orthographic":false}