{"cameraMode":{"drawMode":0,"name":"Shaded","section":"Shading Mode"},"sceneLighting":false,"audioPlay":false,"sceneViewState":{"showFog":true,"showMaterialUpdate":true,"showSkybox":false,"showFlares":true,"showImageEffects":true,"showParticleSystems":true},"in2DMode":false,"pivot":{"x":1.3656669855117798,"y":0.4851585626602173,"z":2.1901705265045168},"rotation":{"x":0.061113614588975909,"y":0.15681053698062898,"z":-0.00910697877407074,"w":0.9860522747039795},"size":5.521938800811768,"orthographic":false}