{"cameraMode":{"drawMode":0,"name":"Shaded","section":"Shading Mode"},"sceneLighting":true,"audioPlay":false,"sceneViewState":{"showFog":true,"showMaterialUpdate":true,"showSkybox":true,"showFlares":true,"showImageEffects":true,"showParticleSystems":true},"in2DMode":false,"pivot":{"x":-28.979761123657228,"y":-44.251224517822269,"z":-1.1077296733856202},"rotation":{"x":0.34895312786102297,"y":-0.5984177589416504,"z":0.32345759868621828,"w":0.6462491750717163},"size":64.61901092529297,"orthographic":false}