{"cameraMode":{"drawMode":0,"name":"Shaded","section":"Shading Mode"},"sceneLighting":false,"audioPlay":false,"sceneViewState":{"showFog":true,"showMaterialUpdate":true,"showSkybox":false,"showFlares":true,"showImageEffects":true,"showParticleSystems":true},"in2DMode":false,"pivot":{"x":6.404658794403076,"y":14.356932640075684,"z":36.04726791381836},"rotation":{"x":0.30830758810043337,"y":0.2411338835954666,"z":-0.0809563398361206,"w":0.9170310497283936},"size":0.7660743594169617,"orthographic":false}