{"cameraMode":{"drawMode":0,"name":"Shaded","section":"Shading Mode"},"sceneLighting":true,"audioPlay":false,"sceneViewState":{"showFog":true,"showMaterialUpdate":true,"showSkybox":true,"showFlares":true,"showImageEffects":true,"showParticleSystems":true},"in2DMode":false,"pivot":{"x":15.315217971801758,"y":-0.9713478088378906,"z":10.55066967010498},"rotation":{"x":-0.7236539125442505,"y":0.006996178068220615,"z":-0.006330684293061495,"w":-0.6905368566513062},"size":21.914318084716798,"orthographic":false}