{"cameraMode":{"drawMode":0,"name":"Shaded","section":"Shading Mode"},"sceneLighting":false,"audioPlay":false,"sceneViewState":{"showFog":true,"showMaterialUpdate":true,"showSkybox":false,"showFlares":true,"showImageEffects":true,"showParticleSystems":true},"in2DMode":false,"pivot":{"x":0.01202921848744154,"y":-0.004639448132365942,"z":0.6448546648025513},"rotation":{"x":0.0077527048997581009,"y":-0.047043219208717349,"z":0.001319607370533049,"w":0.999267578125},"size":1.1243335008621216,"orthographic":false}