{"cameraMode":{"drawMode":0,"name":"Shaded","section":"Shading Mode"},"sceneLighting":false,"audioPlay":false,"sceneViewState":{"showFog":true,"showMaterialUpdate":true,"showSkybox":false,"showFlares":true,"showImageEffects":true,"showParticleSystems":true},"in2DMode":false,"pivot":{"x":0.34681418538093569,"y":0.7813521027565002,"z":0.19786766171455384},"rotation":{"x":-0.05400799959897995,"y":0.9092483520507813,"z":-0.12862472236156465,"w":-0.39481762051582339},"size":3.1857504844665529,"orthographic":false}