{"cameraMode":{"drawMode":0,"name":"Shaded","section":"Shading Mode"},"sceneLighting":false,"audioPlay":false,"sceneViewState":{"showFog":true,"showMaterialUpdate":true,"showSkybox":false,"showFlares":true,"showImageEffects":true,"showParticleSystems":true},"in2DMode":false,"pivot":{"x":0.5033297538757324,"y":1.4149518013000489,"z":-2.1981234550476076},"rotation":{"x":0.23777535557746888,"y":0.6483009457588196,"z":-0.22282078862190247,"w":0.688630223274231},"size":4.4026360511779789,"orthographic":false}