{"cameraMode":{"drawMode":0,"name":"Shaded","section":"Shading Mode"},"sceneLighting":true,"audioPlay":false,"sceneViewState":{"showFog":true,"showMaterialUpdate":true,"showSkybox":true,"showFlares":true,"showImageEffects":true,"showParticleSystems":true},"in2DMode":false,"pivot":{"x":9.012163162231446,"y":-28.3681697845459,"z":10.651134490966797},"rotation":{"x":0.6842471361160278,"y":-0.006938900798559189,"z":0.004940663930028677,"w":0.7296263575553894},"size":58.46349334716797,"orthographic":false}