{"cameraMode":{"drawMode":0,"name":"Shaded","section":"Shading Mode"},"sceneLighting":true,"audioPlay":false,"sceneViewState":{"showFog":true,"showMaterialUpdate":true,"showSkybox":true,"showFlares":true,"showImageEffects":true,"showParticleSystems":true},"in2DMode":false,"pivot":{"x":-54.87892532348633,"y":-5.570468425750732,"z":407.4862060546875},"rotation":{"x":0.05157752335071564,"y":-0.06000266969203949,"z":-0.0022391434758901598,"w":0.9981291890144348},"size":439.24835205078127,"orthographic":false}