{"cameraMode":{"drawMode":0,"name":"Shaded","section":"Shading Mode"},"sceneLighting":false,"audioPlay":false,"sceneViewState":{"showFog":true,"showMaterialUpdate":true,"showSkybox":false,"showFlares":true,"showImageEffects":true,"showParticleSystems":true},"in2DMode":false,"pivot":{"x":0.13851718604564668,"y":0.020330214872956277,"z":-0.058978233486413959},"rotation":{"x":0.036272961646318439,"y":0.8799673318862915,"z":-0.06764394789934159,"w":0.46956318616867068},"size":0.38522714376449587,"orthographic":false}