{"cameraMode":{"drawMode":0,"name":"Shaded","section":"Shading Mode"},"sceneLighting":true,"audioPlay":false,"sceneViewState":{"showFog":true,"showMaterialUpdate":true,"showSkybox":true,"showFlares":true,"showImageEffects":true,"showParticleSystems":true},"in2DMode":false,"pivot":{"x":-8.989338874816895,"y":-64.11795043945313,"z":-70.4687728881836},"rotation":{"x":0.042274847626686099,"y":-0.9161699414253235,"z":0.38687339425086977,"w":0.10589773952960968},"size":115.9688491821289,"orthographic":false}