{"cameraMode":{"drawMode":0,"name":"Shaded","section":"Shading Mode"},"sceneLighting":true,"audioPlay":false,"sceneViewState":{"showFog":true,"showMaterialUpdate":true,"showSkybox":true,"showFlares":true,"showImageEffects":true,"showParticleSystems":true},"in2DMode":false,"pivot":{"x":34.40702438354492,"y":-35.208091735839847,"z":94.2824935913086},"rotation":{"x":0.2602519690990448,"y":0.26753097772598269,"z":-0.07260500639677048,"w":0.9259703755378723},"size":150.4885711669922,"orthographic":false}