{"cameraMode":{"drawMode":0,"name":"Shaded","section":"Shading Mode"},"sceneLighting":false,"audioPlay":false,"sceneViewState":{"showFog":true,"showMaterialUpdate":true,"showSkybox":true,"showFlares":true,"showImageEffects":true,"showParticleSystems":true},"in2DMode":false,"pivot":{"x":6.181571006774902,"y":10.216464042663575,"z":-9.284806251525879},"rotation":{"x":-0.5892779231071472,"y":-0.10783392190933228,"z":0.07838998734951019,"w":-0.7973660230636597},"size":1.3415601253509522,"orthographic":false}