{"cameraMode":{"drawMode":0,"name":"Shaded","section":"Shading Mode"},"sceneLighting":true,"audioPlay":false,"sceneViewState":{"showFog":true,"showMaterialUpdate":true,"showSkybox":true,"showFlares":true,"showImageEffects":true,"showParticleSystems":true},"in2DMode":false,"pivot":{"x":-0.6539396047592163,"y":19.313413619995118,"z":-4.4555182456970219},"rotation":{"x":0.6933479309082031,"y":0.04319365695118904,"z":-0.035626448690891269,"w":0.7192777991294861},"size":17.507753372192384,"orthographic":false}