{"cameraMode":{"drawMode":0,"name":"Shaded","section":"Shading Mode"},"sceneLighting":true,"audioPlay":false,"sceneViewState":{"showFog":true,"showMaterialUpdate":true,"showSkybox":true,"showFlares":true,"showImageEffects":true,"showParticleSystems":true},"in2DMode":false,"pivot":{"x":-1.800034761428833,"y":25.3501033782959,"z":12.961039543151856},"rotation":{"x":-0.04576743766665459,"y":0.8824946284294128,"z":-0.46007290482521059,"w":-0.09331335127353668},"size":7.949857711791992,"orthographic":false}