{"cameraMode":{"drawMode":0,"name":"Shaded","section":"Shading Mode"},"sceneLighting":true,"audioPlay":false,"sceneViewState":{"showFog":true,"showMaterialUpdate":true,"showSkybox":true,"showFlares":true,"showImageEffects":true,"showParticleSystems":true},"in2DMode":false,"pivot":{"x":44.58894348144531,"y":-42.772315979003909,"z":206.69253540039063},"rotation":{"x":0.16901163756847382,"y":0.1070202887058258,"z":-0.024574244394898416,"w":0.9807676076889038},"size":353.9478454589844,"orthographic":false}