{"cameraMode":{"drawMode":0,"name":"Shaded","section":"Shading Mode"},"sceneLighting":false,"audioPlay":false,"sceneViewState":{"showFog":true,"showMaterialUpdate":true,"showSkybox":false,"showFlares":true,"showImageEffects":true,"showParticleSystems":true},"in2DMode":false,"pivot":{"x":0.7035937309265137,"y":0.23239807784557343,"z":-2.462223768234253},"rotation":{"x":0.001226497464813292,"y":0.9987353086471558,"z":-0.030288396403193475,"w":0.04932871460914612},"size":3.643801212310791,"orthographic":false}