{"cameraMode":{"drawMode":0,"name":"Shaded","section":"Shading Mode"},"sceneLighting":true,"audioPlay":false,"sceneViewState":{"showFog":true,"showMaterialUpdate":true,"showSkybox":true,"showFlares":true,"showImageEffects":true,"showParticleSystems":true},"in2DMode":false,"pivot":{"x":-908.3856201171875,"y":240.30706787109376,"z":779.0618286132813},"rotation":{"x":0.1711473912000656,"y":-0.5799428820610046,"z":0.12739315629005433,"w":0.7874142527580261},"size":1482.33251953125,"orthographic":false}