{"cameraMode":{"drawMode":0,"name":"Shaded","section":"Shading Mode"},"sceneLighting":true,"audioPlay":false,"sceneViewState":{"showFog":true,"showMaterialUpdate":true,"showSkybox":true,"showFlares":true,"showImageEffects":true,"showParticleSystems":true},"in2DMode":false,"pivot":{"x":-93.23405456542969,"y":-196.13980102539063,"z":15.505364418029786},"rotation":{"x":0.4175843298435211,"y":-0.5453523993492127,"z":0.3529796600341797,"w":0.6370123028755188},"size":246.1678009033203,"orthographic":false}