{"cameraMode":{"drawMode":0,"name":"Shaded","section":"Shading Mode"},"sceneLighting":false,"audioPlay":false,"sceneViewState":{"showFog":true,"showMaterialUpdate":true,"showSkybox":false,"showFlares":true,"showImageEffects":true,"showParticleSystems":true},"in2DMode":false,"pivot":{"x":-9.376989364624024,"y":-1.4727245569229127,"z":0.7730373740196228},"rotation":{"x":-0.07166199386119843,"y":0.6787925362586975,"z":-0.06638991832733154,"w":-0.7283608317375183},"size":10.21435260772705,"orthographic":false}