{"cameraMode":{"drawMode":0,"name":"Shaded","section":"Shading Mode"},"sceneLighting":true,"audioPlay":false,"sceneViewState":{"showFog":true,"showMaterialUpdate":true,"showSkybox":true,"showFlares":true,"showImageEffects":true,"showParticleSystems":true},"in2DMode":false,"pivot":{"x":-11.315628051757813,"y":16.466880798339845,"z":-51.325531005859378},"rotation":{"x":0.01180805079638958,"y":0.9866732358932495,"z":-0.04247458651661873,"w":0.16201990842819215},"size":116.11674499511719,"orthographic":false}