{"cameraMode":{"drawMode":0,"name":"Shaded","section":"Shading Mode"},"sceneLighting":false,"audioPlay":false,"sceneViewState":{"showFog":true,"showMaterialUpdate":true,"showSkybox":false,"showFlares":true,"showImageEffects":true,"showParticleSystems":true},"in2DMode":false,"pivot":{"x":0.4438680410385132,"y":0.7891203761100769,"z":-0.11324593424797058},"rotation":{"x":0.11348938941955567,"y":0.73834627866745,"z":-0.12728042900562287,"w":0.6530612707138062},"size":2.8578836917877199,"orthographic":false}