{"cameraMode":{"drawMode":0,"name":"Shaded","section":"Shading Mode"},"sceneLighting":false,"audioPlay":false,"sceneViewState":{"showFog":true,"showMaterialUpdate":true,"showSkybox":false,"showFlares":true,"showImageEffects":true,"showParticleSystems":true},"in2DMode":false,"pivot":{"x":-10.706725120544434,"y":-16.51685905456543,"z":4.126006603240967},"rotation":{"x":-0.38012903928756716,"y":0.5141584873199463,"z":-0.2747037410736084,"w":-0.7190297245979309},"size":23.359983444213868,"orthographic":false}