{"cameraMode":{"drawMode":0,"name":"Shaded","section":"Shading Mode"},"sceneLighting":true,"audioPlay":false,"sceneViewState":{"showFog":true,"showMaterialUpdate":true,"showSkybox":true,"showFlares":true,"showImageEffects":true,"showParticleSystems":true},"in2DMode":false,"pivot":{"x":22.798843383789064,"y":-5.282498359680176,"z":-46.50074005126953},"rotation":{"x":0.012923522852361203,"y":0.9752148389816284,"z":-0.06661916524171829,"w":0.21612738072872163},"size":78.30755615234375,"orthographic":false}