{"cameraMode":{"drawMode":0,"name":"Shaded","section":"Shading Mode"},"sceneLighting":true,"audioPlay":false,"sceneViewState":{"showFog":true,"showMaterialUpdate":true,"showSkybox":true,"showFlares":true,"showImageEffects":true,"showParticleSystems":true},"in2DMode":false,"pivot":{"x":-2.3259434700012209,"y":-7.564208984375,"z":55.26961135864258},"rotation":{"x":-0.08122198283672333,"y":0.02286701649427414,"z":-0.001607410842552781,"w":-0.9966892600059509},"size":65.11286163330078,"orthographic":false}