{"cameraMode":{"drawMode":0,"name":"Shaded","section":"Shading Mode"},"sceneLighting":true,"audioPlay":false,"sceneViewState":{"showFog":true,"showMaterialUpdate":true,"showSkybox":true,"showFlares":true,"showImageEffects":true,"showParticleSystems":true},"in2DMode":false,"pivot":{"x":-1.5957292318344117,"y":9.517571449279786,"z":-13.331525802612305},"rotation":{"x":0.1214466243982315,"y":0.08062265068292618,"z":-0.006590972654521465,"w":0.9899693131446838},"size":5.712608337402344,"orthographic":false}