{"cameraMode":{"drawMode":0,"name":"Shaded","section":"Shading Mode"},"sceneLighting":false,"audioPlay":false,"sceneViewState":{"showFog":true,"showMaterialUpdate":true,"showSkybox":false,"showFlares":true,"showImageEffects":true,"showParticleSystems":true},"in2DMode":false,"pivot":{"x":-2.848113775253296,"y":0.16006527841091157,"z":0.5038552284240723},"rotation":{"x":-0.03824160248041153,"y":0.6689816117286682,"z":-0.03419938310980797,"w":-0.7420652508735657},"size":3.643801212310791,"orthographic":false}