{"cameraMode":{"drawMode":0,"name":"Shaded","section":"Shading Mode"},"sceneLighting":false,"audioPlay":false,"sceneViewState":{"showFog":true,"showMaterialUpdate":true,"showSkybox":false,"showFlares":true,"showImageEffects":true,"showParticleSystems":true},"in2DMode":false,"pivot":{"x":1.999301791191101,"y":0.8004076480865479,"z":4.081120014190674},"rotation":{"x":0.20457082986831666,"y":-0.10541289299726486,"z":0.02390541136264801,"w":0.9735393524169922},"size":2.8578836917877199,"orthographic":false}