{"cameraMode":{"drawMode":0,"name":"Shaded","section":"Shading Mode"},"sceneLighting":true,"audioPlay":false,"sceneViewState":{"showFog":true,"showMaterialUpdate":true,"showSkybox":true,"showFlares":true,"showImageEffects":true,"showParticleSystems":true},"in2DMode":false,"pivot":{"x":-2.8775713443756105,"y":12.30256175994873,"z":2.384856700897217},"rotation":{"x":-0.0147874616086483,"y":0.8606213331222534,"z":-0.509406328201294,"w":-0.032718632370233539},"size":5.472431659698486,"orthographic":false}