{"cameraMode":{"drawMode":0,"name":"Shaded","section":"Shading Mode"},"sceneLighting":true,"audioPlay":false,"sceneViewState":{"showFog":true,"showMaterialUpdate":true,"showSkybox":true,"showFlares":true,"showImageEffects":true,"showParticleSystems":true},"in2DMode":false,"pivot":{"x":113.54280090332031,"y":36.04246139526367,"z":188.51260375976563},"rotation":{"x":0.06936167925596237,"y":0.36542874574661257,"z":-0.03354906290769577,"w":0.92900550365448},"size":263.80780029296877,"orthographic":false}