{"cameraMode":{"drawMode":0,"name":"Shaded","section":"Shading Mode"},"sceneLighting":false,"audioPlay":false,"sceneViewState":{"showFog":true,"showMaterialUpdate":true,"showSkybox":true,"showFlares":true,"showImageEffects":true,"showParticleSystems":true},"in2DMode":false,"pivot":{"x":-17.277767181396486,"y":1.1151834726333619,"z":-6.010011196136475},"rotation":{"x":0.008480158634483815,"y":-0.8262073993682861,"z":0.01820485107600689,"w":0.5644676089286804},"size":25.175548553466798,"orthographic":false}