{"cameraMode":{"drawMode":0,"name":"Shaded","section":"Shading Mode"},"sceneLighting":true,"audioPlay":false,"sceneViewState":{"showFog":true,"showMaterialUpdate":true,"showSkybox":true,"showFlares":true,"showImageEffects":true,"showParticleSystems":true},"in2DMode":false,"pivot":{"x":-24.839998245239259,"y":-7.401472091674805,"z":55.9890022277832},"rotation":{"x":0.06831171363592148,"y":-0.12795661389827729,"z":0.011963206343352795,"w":0.9899140000343323},"size":69.575927734375,"orthographic":false}