{"cameraMode":{"drawMode":0,"name":"Shaded","section":"Shading Mode"},"sceneLighting":false,"audioPlay":false,"sceneViewState":{"showFog":true,"showMaterialUpdate":true,"showSkybox":false,"showFlares":true,"showImageEffects":true,"showParticleSystems":true},"in2DMode":false,"pivot":{"x":-0.6698223352432251,"y":-2.689613103866577,"z":-1.6232094764709473},"rotation":{"x":0.09114319831132889,"y":-0.8557939529418945,"z":0.48275458812713625,"w":0.16484861075878144},"size":3.4848484992980959,"orthographic":false}