{"cameraMode":{"drawMode":0,"name":"Shaded","section":"Shading Mode"},"sceneLighting":true,"audioPlay":false,"sceneViewState":{"showFog":true,"showMaterialUpdate":true,"showSkybox":true,"showFlares":true,"showImageEffects":true,"showParticleSystems":true},"in2DMode":false,"pivot":{"x":-12.667001724243164,"y":5.686155796051025,"z":-16.4676570892334},"rotation":{"x":-0.2482365369796753,"y":-0.3466801941394806,"z":0.09938619285821915,"w":-0.9004830121994019},"size":2.9613051414489748,"orthographic":false}