{"cameraMode":{"drawMode":0,"name":"Shaded","section":"Shading Mode"},"sceneLighting":true,"audioPlay":false,"sceneViewState":{"showFog":true,"showMaterialUpdate":false,"showSkybox":true,"showFlares":true,"showImageEffects":true,"showParticleSystems":true},"in2DMode":false,"pivot":{"x":3.5535619258880617,"y":0.7367681860923767,"z":0.2023414522409439},"rotation":{"x":-0.16033561527729035,"y":0.683176577091217,"z":-0.15767422318458558,"w":-0.6947986483573914},"size":6.607396125793457,"orthographic":false}