{"cameraMode":{"drawMode":0,"name":"Shaded","section":"Shading Mode"},"sceneLighting":true,"audioPlay":false,"sceneViewState":{"showFog":true,"showMaterialUpdate":true,"showSkybox":true,"showFlares":true,"showImageEffects":true,"showParticleSystems":true},"in2DMode":false,"pivot":{"x":158.3938751220703,"y":-155.35549926757813,"z":-1.1326849460601807},"rotation":{"x":-0.2601051926612854,"y":-0.6575213074684143,"z":0.26037558913230898,"w":-0.6577717065811157},"size":248.6535186767578,"orthographic":false}