{"cameraMode":{"drawMode":0,"name":"Shaded","section":"Shading Mode"},"sceneLighting":false,"audioPlay":false,"sceneViewState":{"showFog":true,"showMaterialUpdate":true,"showSkybox":false,"showFlares":true,"showImageEffects":true,"showParticleSystems":true},"in2DMode":false,"pivot":{"x":0.01480008289217949,"y":0.055423934012651446,"z":0.15983128547668458},"rotation":{"x":0.08569349348545075,"y":-0.026272002607584,"z":0.002524913754314184,"w":0.9963510632514954},"size":0.3389490246772766,"orthographic":false}