{"cameraMode":{"drawMode":0,"name":"Shaded","section":"Shading Mode"},"sceneLighting":true,"audioPlay":false,"sceneViewState":{"showFog":true,"showMaterialUpdate":true,"showSkybox":true,"showFlares":true,"showImageEffects":true,"showParticleSystems":true},"in2DMode":false,"pivot":{"x":-8.688502311706543,"y":-0.5069906711578369,"z":-5.239250183105469},"rotation":{"x":-0.14965546131134034,"y":0.8389820456504822,"z":-0.29434123635292055,"w":-0.43390342593193056},"size":6.6724324226379398,"orthographic":false}