{"cameraMode":{"drawMode":0,"name":"Shaded","section":"Shading Mode"},"sceneLighting":false,"audioPlay":false,"sceneViewState":{"showFog":true,"showMaterialUpdate":true,"showSkybox":false,"showFlares":true,"showImageEffects":true,"showParticleSystems":true},"in2DMode":false,"pivot":{"x":-1.2461875677108765,"y":0.6677812337875366,"z":-0.27937081456184389},"rotation":{"x":-0.09280712902545929,"y":0.7123394012451172,"z":-0.09809636324644089,"w":-0.6902272701263428},"size":3.1857504844665529,"orthographic":false}