{"cameraMode":{"drawMode":0,"name":"Shaded","section":"Shading Mode"},"sceneLighting":false,"audioPlay":false,"sceneViewState":{"showFog":true,"showMaterialUpdate":true,"showSkybox":false,"showFlares":true,"showImageEffects":true,"showParticleSystems":true},"in2DMode":false,"pivot":{"x":0.576834499835968,"y":0.15291930735111237,"z":-0.277183473110199},"rotation":{"x":0.11425945907831192,"y":-0.7421858310699463,"z":0.13055330514907838,"w":0.647957980632782},"size":1.2152068614959717,"orthographic":false}