{"cameraMode":{"drawMode":0,"name":"Shaded","section":"Shading Mode"},"sceneLighting":true,"audioPlay":false,"sceneViewState":{"showFog":true,"showMaterialUpdate":true,"showSkybox":true,"showFlares":true,"showImageEffects":true,"showParticleSystems":true},"in2DMode":false,"pivot":{"x":34.76434326171875,"y":1.3420639038085938,"z":63.280391693115237},"rotation":{"x":-0.1242908388376236,"y":-0.16078859567642213,"z":0.02066895365715027,"w":-0.9791216850280762},"size":90.26034545898438,"orthographic":false}