{"cameraMode":{"drawMode":0,"name":"Shaded","section":"Shading Mode"},"sceneLighting":false,"audioPlay":false,"sceneViewState":{"showFog":true,"showMaterialUpdate":true,"showSkybox":false,"showFlares":true,"showImageEffects":true,"showParticleSystems":true},"in2DMode":false,"pivot":{"x":-0.4838600158691406,"y":-0.02859792672097683,"z":1.6115999221801758},"rotation":{"x":0.023987803608179094,"y":-0.11576153337955475,"z":0.004177622497081757,"w":0.9934046864509583},"size":1.9848487377166749,"orthographic":false}