{"cameraMode":{"drawMode":0,"name":"Shaded","section":"Shading Mode"},"sceneLighting":true,"audioPlay":false,"sceneViewState":{"showFog":true,"showMaterialUpdate":true,"showSkybox":true,"showFlares":true,"showImageEffects":true,"showParticleSystems":true},"in2DMode":false,"pivot":{"x":17.187843322753908,"y":-40.3527717590332,"z":-47.0353889465332},"rotation":{"x":-0.06247660890221596,"y":-0.9041098952293396,"z":0.40492939949035647,"w":-0.12710364162921906},"size":84.38955688476563,"orthographic":false}