{"cameraMode":{"drawMode":0,"name":"Shaded","section":"Shading Mode"},"sceneLighting":false,"audioPlay":false,"sceneViewState":{"showFog":true,"showMaterialUpdate":true,"showSkybox":true,"showFlares":true,"showImageEffects":true,"showParticleSystems":true},"in2DMode":false,"pivot":{"x":-110.26367950439453,"y":21.18035888671875,"z":-324.58624267578127},"rotation":{"x":-0.05872364342212677,"y":0.03572555631399155,"z":-0.003007985185831785,"w":-0.9980414509773254},"size":98.91317749023438,"orthographic":false}