{"cameraMode":{"drawMode":0,"name":"Shaded","section":"Shading Mode"},"sceneLighting":false,"audioPlay":false,"sceneViewState":{"showFog":true,"showMaterialUpdate":true,"showSkybox":false,"showFlares":true,"showImageEffects":true,"showParticleSystems":true},"in2DMode":false,"pivot":{"x":-0.013849042356014252,"y":0.05462246388196945,"z":0.06277936697006226},"rotation":{"x":0.033272624015808108,"y":0.05307922139763832,"z":-0.0015713130123913289,"w":0.9983971118927002},"size":0.38522714376449587,"orthographic":false}