{"cameraMode":{"drawMode":0,"name":"Shaded","section":"Shading Mode"},"sceneLighting":true,"audioPlay":false,"sceneViewState":{"showFog":true,"showMaterialUpdate":true,"showSkybox":true,"showFlares":true,"showImageEffects":true,"showParticleSystems":true},"in2DMode":false,"pivot":{"x":22.65703582763672,"y":-16.855426788330079,"z":-31.05394744873047},"rotation":{"x":-0.09449916332960129,"y":-0.9100469350814819,"z":0.27299681305885317,"w":-0.29979148507118227},"size":38.88714599609375,"orthographic":false}