{"cameraMode":{"drawMode":0,"name":"Shaded","section":"Shading Mode"},"sceneLighting":true,"audioPlay":false,"sceneViewState":{"showFog":true,"showMaterialUpdate":true,"showSkybox":true,"showFlares":true,"showImageEffects":true,"showParticleSystems":true},"in2DMode":false,"pivot":{"x":29.254526138305665,"y":-46.945987701416019,"z":-23.658309936523439},"rotation":{"x":0.17002902925014497,"y":0.8289551138877869,"z":-0.37146368622779848,"w":0.3850952386856079},"size":88.10289764404297,"orthographic":false}