{"cameraMode":{"drawMode":0,"name":"Shaded","section":"Shading Mode"},"sceneLighting":true,"audioPlay":false,"sceneViewState":{"showFog":true,"showMaterialUpdate":true,"showSkybox":true,"showFlares":true,"showImageEffects":true,"showParticleSystems":true},"in2DMode":false,"pivot":{"x":2.4468820095062258,"y":26.86617660522461,"z":-24.11652183532715},"rotation":{"x":-0.3889435827732086,"y":-0.012188510037958622,"z":0.004173675552010536,"w":-0.9217025637626648},"size":4.041658401489258,"orthographic":false}