{"cameraMode":{"drawMode":0,"name":"Shaded","section":"Shading Mode"},"sceneLighting":true,"audioPlay":false,"sceneViewState":{"showFog":true,"showMaterialUpdate":true,"showSkybox":true,"showFlares":true,"showImageEffects":true,"showParticleSystems":true},"in2DMode":false,"pivot":{"x":-12.424175262451172,"y":-13.61884593963623,"z":12.323277473449707},"rotation":{"x":-0.3425306975841522,"y":0.3113921880722046,"z":-0.11943110823631287,"w":-0.8795290589332581},"size":25.796405792236329,"orthographic":false}