{"cameraMode":{"drawMode":0,"name":"Shaded","section":"Shading Mode"},"sceneLighting":true,"audioPlay":false,"sceneViewState":{"showFog":true,"showMaterialUpdate":true,"showSkybox":true,"showFlares":true,"showImageEffects":true,"showParticleSystems":true},"in2DMode":false,"pivot":{"x":-22.924238204956056,"y":-61.732086181640628,"z":-12.379883766174317},"rotation":{"x":-0.2818954586982727,"y":0.7111451029777527,"z":-0.5054299235343933,"w":-0.4004679024219513},"size":83.13876342773438,"orthographic":false}