{"cameraMode":{"drawMode":0,"name":"Shaded","section":"Shading Mode"},"sceneLighting":true,"audioPlay":false,"sceneViewState":{"showFog":true,"showMaterialUpdate":true,"showSkybox":true,"showFlares":true,"showImageEffects":true,"showParticleSystems":true},"in2DMode":false,"pivot":{"x":-3.642468214035034,"y":3.109713315963745,"z":9.57834529876709},"rotation":{"x":-0.134036585688591,"y":0.7795049548149109,"z":-0.17169179022312165,"w":-0.589167058467865},"size":4.094172477722168,"orthographic":false}