{"cameraMode":{"drawMode":0,"name":"Shaded","section":"Shading Mode"},"sceneLighting":true,"audioPlay":false,"sceneViewState":{"showFog":true,"showMaterialUpdate":true,"showSkybox":true,"showFlares":true,"showImageEffects":true,"showParticleSystems":true},"in2DMode":false,"pivot":{"x":0.3349859416484833,"y":20.807479858398439,"z":-1.2888553142547608},"rotation":{"x":0.008679402992129326,"y":-0.7607825994491577,"z":0.6498098373413086,"w":0.017121201381087304},"size":28.108325958251954,"orthographic":false}