{"cameraMode":{"drawMode":0,"name":"Shaded","section":"Shading Mode"},"sceneLighting":true,"audioPlay":false,"sceneViewState":{"showFog":true,"showMaterialUpdate":true,"showSkybox":true,"showFlares":true,"showImageEffects":true,"showParticleSystems":true},"in2DMode":false,"pivot":{"x":6.356753826141357,"y":6.917995929718018,"z":0.9585332274436951},"rotation":{"x":-0.28423938155174258,"y":0.7098295092582703,"z":-0.3957724869251251,"w":-0.5091679096221924},"size":5.330702781677246,"orthographic":false}