{"cameraMode":{"drawMode":0,"name":"Shaded","section":"Shading Mode"},"sceneLighting":false,"audioPlay":false,"sceneViewState":{"showFog":true,"showMaterialUpdate":true,"showSkybox":false,"showFlares":true,"showImageEffects":true,"showParticleSystems":true},"in2DMode":false,"pivot":{"x":1.451425313949585,"y":1.4110814332962037,"z":0.24689678847789765},"rotation":{"x":-0.07641337811946869,"y":0.888807475566864,"z":-0.194755420088768,"w":-0.4094069302082062},"size":1.1481447219848633,"orthographic":false}