{"cameraMode":{"drawMode":0,"name":"Shaded","section":"Shading Mode"},"sceneLighting":false,"audioPlay":false,"sceneViewState":{"showFog":true,"showMaterialUpdate":true,"showSkybox":false,"showFlares":true,"showImageEffects":true,"showParticleSystems":true},"in2DMode":false,"pivot":{"x":-0.20970727503299714,"y":-2.0086090564727785,"z":2.7970786094665529},"rotation":{"x":0.3154767155647278,"y":-0.10046602785587311,"z":0.034329503774642947,"w":0.9433512091636658},"size":5.521938800811768,"orthographic":false}