{"cameraMode":{"drawMode":0,"name":"Shaded","section":"Shading Mode"},"sceneLighting":true,"audioPlay":false,"sceneViewState":{"showFog":true,"showMaterialUpdate":true,"showSkybox":true,"showFlares":true,"showImageEffects":true,"showParticleSystems":true},"in2DMode":false,"pivot":{"x":4.485021591186523,"y":2.3757784366607668,"z":48.92621994018555},"rotation":{"x":-0.13652470707893372,"y":-0.02121775969862938,"z":-0.0016972030280157924,"w":-0.991036593914032},"size":73.6001205444336,"orthographic":false}