{"cameraMode":{"drawMode":0,"name":"Shaded","section":"Shading Mode"},"sceneLighting":true,"audioPlay":false,"sceneViewState":{"showFog":true,"showMaterialUpdate":true,"showSkybox":true,"showFlares":true,"showImageEffects":true,"showParticleSystems":true},"in2DMode":false,"pivot":{"x":-128.08148193359376,"y":-17.205495834350587,"z":-107.13301086425781},"rotation":{"x":-0.02248336747288704,"y":0.9109089970588684,"z":-0.04946994408965111,"w":-0.41171175241470339},"size":176.22509765625,"orthographic":false}