{"cameraMode":{"drawMode":0,"name":"Shaded","section":"Shading Mode"},"sceneLighting":false,"audioPlay":false,"sceneViewState":{"showFog":true,"showMaterialUpdate":true,"showSkybox":false,"showFlares":true,"showImageEffects":true,"showParticleSystems":true},"in2DMode":false,"pivot":{"x":-0.15623319149017335,"y":0.3303178548812866,"z":0.2921995222568512},"rotation":{"x":0.06313415616750717,"y":-0.6898573637008667,"z":0.06019036844372749,"w":0.7192189693450928},"size":1.2152068614959717,"orthographic":false}