{"cameraMode":{"drawMode":0,"name":"Shaded","section":"Shading Mode"},"sceneLighting":true,"audioPlay":false,"sceneViewState":{"showFog":true,"showMaterialUpdate":true,"showSkybox":true,"showFlares":true,"showImageEffects":true,"showParticleSystems":true},"in2DMode":false,"pivot":{"x":-1.8329906463623047,"y":-108.8885498046875,"z":25.16380500793457},"rotation":{"x":0.6258360147476196,"y":0.06661620736122132,"z":-0.0540674589574337,"w":0.7766454219818115},"size":120.28024291992188,"orthographic":false}