{"cameraMode":{"drawMode":0,"name":"Shaded","section":"Shading Mode"},"sceneLighting":false,"audioPlay":false,"sceneViewState":{"showFog":true,"showMaterialUpdate":true,"showSkybox":false,"showFlares":true,"showImageEffects":true,"showParticleSystems":true},"in2DMode":false,"pivot":{"x":0.002110588364303112,"y":0.10949278622865677,"z":1.6782562732696534},"rotation":{"x":-0.011777098290622235,"y":-0.040744975209236148,"z":0.0015978023875504733,"w":0.9995487928390503},"size":1.9848487377166749,"orthographic":false}