{"cameraMode":{"drawMode":0,"name":"Shaded","section":"Shading Mode"},"sceneLighting":false,"audioPlay":false,"sceneViewState":{"showFog":true,"showMaterialUpdate":true,"showSkybox":true,"showFlares":true,"showImageEffects":true,"showParticleSystems":true},"in2DMode":false,"pivot":{"x":3.4634580612182619,"y":-0.24765430390834809,"z":-0.695310652256012},"rotation":{"x":0.14356279373168946,"y":0.7112751603126526,"z":-0.14571058750152589,"w":0.6737099289894104},"size":7.415894985198975,"orthographic":false}