{"cameraMode":{"drawMode":0,"name":"Shaded","section":"Shading Mode"},"sceneLighting":true,"audioPlay":false,"sceneViewState":{"showFog":true,"showMaterialUpdate":true,"showSkybox":true,"showFlares":true,"showImageEffects":true,"showParticleSystems":true},"in2DMode":false,"pivot":{"x":3.265280246734619,"y":8.240650177001954,"z":-12.238576889038086},"rotation":{"x":-0.1900905817747116,"y":0.2984333038330078,"z":-0.06274911761283875,"w":-0.9343982934951782},"size":7.57209587097168,"orthographic":false}