{"cameraMode":{"drawMode":0,"name":"Shaded","section":"Shading Mode"},"sceneLighting":true,"audioPlay":false,"sceneViewState":{"showFog":true,"showMaterialUpdate":true,"showSkybox":true,"showFlares":true,"showImageEffects":true,"showParticleSystems":true},"in2DMode":false,"pivot":{"x":40.69320297241211,"y":-5.111360549926758,"z":-69.93306732177735},"rotation":{"x":0.028265714645385743,"y":0.9654002785682678,"z":-0.11524350196123123,"w":0.23705676198005677},"size":87.63521575927735,"orthographic":false}