{"cameraMode":{"drawMode":0,"name":"Shaded","section":"Shading Mode"},"sceneLighting":false,"audioPlay":false,"sceneViewState":{"showFog":true,"showMaterialUpdate":true,"showSkybox":false,"showFlares":true,"showImageEffects":true,"showParticleSystems":true},"in2DMode":false,"pivot":{"x":2.800915002822876,"y":0.19418644905090333,"z":0.7739532589912415},"rotation":{"x":0.026402341201901437,"y":0.6189371943473816,"z":-0.017892353236675264,"w":0.7853773832321167},"size":6.8812127113342289,"orthographic":false}